trade_date,M1-M2_volatility,M2-M3_volatility,M3-M4_volatility
2020-07-07,130.52983009652186,205.9437512367876,70.38539766989015
2020-07-08,178.64077674103797,205.19018329932464,68.3304362399546
2020-07-10,171.41816602322206,136.4862793872965,47.759806789808536
2020-07-13,363.25833687658996,172.9707786056838,59.621034887663974
2020-07-16,273.1873550663793,145.23233275170918,46.473953249614084
2020-07-17,302.1884589531388,367.8696465261891,97.48763173026762
2020-07-20,207.2807459204508,299.1851188012493,72.01632523333643
2020-07-21,139.74959329022212,244.62466055544056,64.64758382221368
2020-07-22,93.63805789179557,199.48646697196108,55.07749262751363
2020-07-23,74.97435249087334,162.14539599062547,49.48929289745247
2020-07-24,65.42759546085581,132.1351087407755,50.85390187233764
2020-07-27,53.88000070322879,114.32299260934303,42.7444792201157
2020-07-28,76.41599939419822,137.84458132836863,73.53145013985016
2020-07-29,86.58322128082159,266.47246541118545,114.60457264628599
2020-07-30,59.532575285861164,220.56705226071375,91.48369638593103
2020-07-31,93.76318691867856,180.31251381302178,67.52378731824929
2020-08-03,63.522115203872296,146.56739440504325,48.088233313277925
2020-08-04,44.02330635446775,120.00979650726875,52.97325869193543
2020-08-05,53.40925901331172,113.9887217118217,136.3162466404249
2020-08-06,52.467720520187996,115.56342278299697,112.60832007566243
2020-08-07,55.83286378984986,101.10816572227336,141.4740384205208
2020-08-10,49.02750070778907,127.76055164893526,113.02595845862274
2020-08-11,54.748569173369184,103.87425476611338,86.18650561252588
2020-08-12,58.94709838323272,103.08849452489633,69.39527853943288
2020-08-13,157.3469381800406,93.6657897660627,57.114924363618606
2020-08-14,119.18317089574293,,57.12669832352483
2020-08-17,94.3348836690151,111.76939384766528,69.73757039067536
2020-08-20,86.00994007475025,93.44949646154674,208.17172187856275
2020-08-21,60.51188440797478,77.34659121230631,144.31858974110125
2020-08-24,43.847330830141274,62.95468320498853,105.16096960419398
2020-08-25,48.08970778651394,60.300655027494344,97.36275901142326
2020-08-26,47.511124271363016,52.205942216938666,75.77071722633593
2020-08-27,120.5324797614129,46.723770804218056,121.83004584963619
2020-08-28,83.95276386604574,38.1013994018014,91.98078304502441
2020-09-01,69.02739917031312,31.13675889801511,74.16879096503615
2020-09-02,57.84734729117862,26.171328462533264,63.93445777514786
2020-09-03,47.70593716118105,35.638911005628636,
2020-09-04,37.560322314818805,29.13356721501629,100.72558631603604
2020-09-07,36.35878652230324,30.719673964335712,140.89275996427642
2020-09-08,30.173262697770916,25.30948684030113,102.5320442718782
2020-09-09,31.931566894946442,27.88920803860025,77.0082461805038
2020-09-10,26.092885841062596,22.915767707833467,54.53684201840114
2020-09-11,19.945342844771428,18.887830037289948,39.207133766674964
2020-09-14,299.9608574645592,16.888444491779154,47.5600787089257
2020-09-17,213.74449483105465,18.577247690957343,41.51536881619345
2020-09-18,145.68483621314758,15.76235570651886,30.229662642841372
2020-09-21,103.2537937008404,13.625305200841364,34.24649081177543
2020-09-22,75.16955328780186,13.637430783525943,32.557404002173264
2020-09-23,55.58375698517694,11.428531475801604,25.112777645949333
2020-09-24,66.12756115122072,28.091053893008247,62.925560859900195
2020-09-25,89.19304139883803,46.62678277141502,54.96243530461171
2020-09-28,158.6342043540009,75.9794604993277,
2020-09-29,2059.8337539323575,288.45807776162644,115.65278003296399
2020-09-30,1210.7185813119102,284.8399003978522,111.8585887652351
2020-10-01,776.6308035561457,233.94983929524744,
2020-10-02,726.2933007120974,267.7040053431796,192.84850867250324
2020-10-05,472.09300257760566,249.33904217981296,190.21447128052358
2020-10-06,597.3289218230751,380.2490498775393,376.8321004420582
2020-10-07,399.96436214004314,309.1706790490892,267.7725771990711
2020-10-08,254.28694866138753,251.49306689354145,188.4519687300893
2020-10-09,186.68843229797665,,156.07972896952612
2020-10-12,235.17659161632963,220.157311584022,362.55709730056526
2020-10-13,402.44635936384435,300.780626530666,267.85076756341505
2020-10-14,251.85612676453525,244.4887724098353,247.65730841284397
2020-10-15,171.51912977122305,198.84503141968003,377.7593387677405
2020-10-16,118.19048128237516,163.48706543196164,272.84187095489926
2020-10-19,116.68251545919857,132.93158719843314,210.54102397934423
2020-10-22,80.23035468609005,108.3420887187077,181.26945508678017
2020-10-23,61.30644699295766,89.35004612003608,173.50079069704248
2020-10-26,44.36272754439552,72.66148178475612,283.51343437905837
2020-10-27,36.61318744807506,59.1354995221354,248.5049614435516
2020-10-28,27.532931704138772,50.24834105018949,168.15740445728693
2020-10-29,27.520043931467058,44.237142512996364,129.30970049429567
2020-10-30,71.8813479364583,36.91319891147548,89.681865006536
2020-11-02,80.37144059922421,30.163261083238737,64.84373682790466
2020-11-03,124.2149370693062,37.664975737369474,51.33433989719729
2020-11-04,99.65645443182684,30.77092251067879,37.006673640544655
2020-11-05,79.07101630567233,27.777809338143623,32.39017250644562
2020-11-06,59.34596430138967,24.106983524304294,28.355844261355177
2020-11-09,45.81686396107008,21.914175662656312,22.430437646911862
2020-11-10,33.10874986057437,18.334974091537656,27.87958105800592
2020-11-11,98.34895555308003,15.946363528868542,29.30380506042546
2020-11-12,68.53799593354465,15.860736054036991,24.046484677058206
2020-11-13,55.708202828403465,14.298489672024441,26.74958019488037
2020-11-16,42.37642165169516,21.42599401298023,22.051879540601895
2020-11-19,31.352644576311985,28.030842327230047,19.578492907457868
2020-11-20,23.49009197616596,22.99681376479483,14.865065138035757
2020-11-23,18.557016458532217,19.96163745824168,28.519652742102352
2020-11-24,15.039073795163539,16.52565864842669,45.501909585972555
2020-11-25,15.637670420136864,18.073334025623705,37.907582801026145
2020-11-26,33.92946501788042,14.942806815939221,35.77173566885593
2020-11-27,27.086667513876318,17.605327553371076,39.78365887383818
2020-11-30,32.81146638188704,20.269104967825154,44.36084370791938
2020-12-01,29.538065959956867,16.968522322728035,32.19865073560638
2020-12-02,28.031949056635717,16.135139803241266,23.74910989345999
2020-12-03,54.56917498774516,15.8291135885926,17.81735894109057
2020-12-04,85.8321434452828,20.971989995372088,13.612498034060392
2020-12-07,125.44472836110214,21.460909131238914,15.468926763645273
2020-12-08,161.29649088904677,19.710250241826625,47.319188190835575
2020-12-09,138.14003301734374,16.528011249178487,50.38558969768985
2020-12-10,101.58592094216085,14.526230884708932,42.979169109186415
2020-12-11,83.58481635207458,18.964276020221185,42.76932461446954
2020-12-14,58.27619053737557,16.608005001878478,37.50691099269326
2020-12-17,67.52846259423728,13.860101112906298,36.30764822174392
2020-12-18,50.56402857988898,11.760918160824557,103.82311153517858
2020-12-21,39.88245456225673,18.758562673933355,116.91481150318005
2020-12-22,34.92366206038208,16.145638764601298,159.24304944524124
2020-12-23,45.05513905518519,13.418682569929427,116.0785980658917
2020-12-24,37.915036446658355,29.304256649124273,
2020-12-29,27.875305666052224,24.02231849804834,125.0313246755182
2020-12-30,60.833626232111726,28.265040347723996,
2020-12-31,44.402089906443834,24.980964816621107,106.3068470400014
2021-01-04,59.904736442067126,21.37278590343279,86.11012707103352
2021-01-05,43.015352407678435,22.343296892624963,74.63099736821604
2021-01-06,72.15004024453843,39.29584997332368,81.48312194816269
2021-01-07,50.268040426052146,32.089586896498666,57.56979287043853
2021-01-08,110.17176455273982,27.86563053067622,151.20205694055582
2021-01-11,74.51254527505736,22.86382733740949,107.78254309442954
2021-01-12,96.72539444053612,25.87065726276991,75.28946551412875
2021-01-13,65.99571723236453,35.493633180350265,121.3724663053783
2021-01-14,53.68157285151743,30.470113822264118,
2021-01-15,39.86998831168005,60.5012316491168,103.94825298735962
2021-01-18,35.68716574188745,50.13820118104138,106.19291125427505
2021-01-21,92.24819512122504,91.42494516340962,118.21309890760527
2021-01-22,109.72962985102409,101.07046283080271,90.8180763931295
2021-01-25,98.18777477267307,91.07346079568,63.87890399097756
2021-01-26,106.16730980400469,79.34467014227612,62.606836954961224
2021-01-28,136.532562770085,,66.79296345156179
2021-01-29,4421.384232844367,82.61748319231756,453.980245209774
2021-02-01,2443.514534083857,73.7407480963137,309.08042979776616
2021-02-02,1392.1916063584745,86.44675749202102,213.23106500543224
2021-02-03,841.224890266914,93.023731235511,151.31496871123417
2021-02-04,513.4294120091168,75.74448908875175,122.33340413557968
2021-02-05,352.87987988543455,72.47762890159851,93.21520461733687
2021-02-08,432.4735630314409,62.06738003833825,140.45468425622363
2021-02-09,289.06981916764903,51.38690859415644,102.60374699851259
2021-02-10,184.3110147977445,41.87914043271398,77.32811763967467
2021-02-11,162.06659954072055,47.422852541595766,66.3768561044636
2021-02-12,852.9378017442581,38.942369912397794,53.71687096366194
2021-02-15,567.6391563956772,42.27714186847734,117.08638969784487
2021-02-18,397.3808557319858,34.50147380688316,90.79475020316254
2021-02-19,248.86146482220298,28.470599094345758,65.41964862409347
2021-02-22,178.82229001391963,23.51685699643534,58.344026490342124
2021-02-23,132.07686222040587,30.955409811551963,48.32218232096833
2021-02-24,88.27746482996204,27.46098349895361,40.57087880740193
2021-02-25,82.8617679079645,24.381491254981412,33.91942601619876
2021-02-26,60.15786212109508,25.07493864063109,24.95030432350421
2021-03-01,50.436391303774556,24.754533647175442,33.89381558782713
2021-03-02,45.68443560777151,20.509604113457712,31.977826825462888
2021-03-03,40.26757129455306,20.39132610025498,46.34442417470645
2021-03-04,38.166492073870806,27.51642395533049,48.919262448512846
2021-03-05,32.97024998080254,22.582784874179612,37.322138141762586
2021-03-08,27.52485168888986,23.936653463937663,27.31969387077738
2021-03-09,20.067748346955455,20.13424087052181,44.347066754148464
2021-03-10,20.56192409168702,17.30744286721149,35.14273637333087
2021-03-11,19.446273088108512,18.55030201627211,32.802970610348005
2021-03-12,65.0261908849835,22.907415445037156,26.109686751689754
2021-03-15,123.44322732566793,20.31870878497263,38.018937157168885
2021-03-18,97.74933180579254,16.834684812792318,34.811263814514554
2021-03-19,76.03908008805779,14.123907678404754,29.476925927479993
2021-03-22,57.9852014594368,11.937144625009406,21.978662434282047
2021-03-23,56.15988098410227,19.425261335124844,25.31925803339149
2021-03-24,55.49439949616955,25.607464695230764,33.810832286423235
2021-03-25,62.46064415922117,48.88895080184407,32.65538267516513
2021-03-26,99.67093415398354,41.570722175536346,35.69585468853481
2021-03-29,67.86623492571366,33.92983468994123,26.18821734159688
2021-03-30,62.73558536627616,34.32349118271622,25.136796466530914
2021-03-31,56.722984461608064,43.90889587930096,42.05628904168536
2021-04-01,77.9631557492769,38.85162373785086,32.890485205252624
2021-04-06,57.73615855407755,35.23752013653009,29.615862737095796
2021-04-07,53.60410527241546,29.94618961241629,37.260981790718056
2021-04-08,50.35417392693226,31.781303942698212,46.96344053518016
2021-04-09,45.63367437013806,26.019253374359852,33.99584810581643
2021-04-12,40.41617455897426,27.769751335340825,36.27790492262756
2021-04-13,54.88116103728447,,31.052324235670863
2021-04-14,59.01916718741273,84.89767434001737,42.2846230000503
2021-04-15,124.91696337058336,84.77140746256782,77.9247008754923
2021-04-16,90.37643971934433,72.4376164551922,77.92889934590714
2021-04-19,99.93046039576353,60.23170945959221,59.608593724908744
2021-04-22,99.73521278785867,58.85716594552489,42.68313475241657
2021-04-23,68.55979004141545,50.76652566880289,35.409156926071525
2021-04-26,51.353737803394715,41.37642581733257,30.04749761302617
2021-04-27,48.557231523112826,36.56213263733936,23.479792603736854
2021-04-28,67.08983294811637,48.44437589339162,39.00114428947732
2021-04-29,57.64394348203089,39.93216863268531,58.90640000825698
2021-04-30,69.5877983254963,32.864649506059465,50.570095471932106
2021-05-04,52.81554663249013,32.208146015487166,47.64003108847498
2021-05-05,43.87079216116559,28.83374497677454,46.04458490043408
2021-05-06,53.33600361354074,27.039758740792905,43.91279768283577
2021-05-07,46.152654940545574,22.308341719038822,144.30620378028595
2021-05-10,33.33013569135731,22.599789496500055,110.16282715348885
2021-05-11,135.7351738077029,123.1981756857898,101.28822143540495
2021-05-12,60789.92513432497,105.33689638905774,150.08440785189907
2021-05-13,29255.803078368943,87.81294714158484,
2021-05-14,14623.075542036495,71.55126866774758,103.49337296480233
2021-05-17,7602.224979535916,58.9704850299594,149.07124581638422
2021-05-20,4077.3692208632833,48.026790563544665,107.58290054891692
2021-05-21,2256.250504537326,43.74765770854442,95.08593665005071
2021-05-24,1293.156917466005,43.350825954178696,
2021-05-25,763.2104128011297,35.7500110574063,113.67161729588264
2021-05-26,461.11239906312875,30.236546226611974,79.23571910240707
2021-05-27,288.0336300073425,26.12307768191113,68.31441616147093
2021-05-28,188.58660880447627,21.386556180164916,69.21523026062215
2021-06-01,124.83472523651595,43.42002722364361,69.76717244751842
2021-06-02,83.74039775931193,35.494916423299,55.99276564061678
2021-06-03,68.76305657868728,36.51497929634884,50.091072594893085
2021-06-04,49.283310840677856,29.798658384513093,48.5730000658305
2021-06-07,40.91938037087004,25.289380974971824,43.23952145204751
2021-06-08,36.94715303839219,21.91243712550623,36.43945794503354
2021-06-09,43.25222792678359,21.80229868244309,29.1676442059119
2021-06-10,38.81540681790876,17.949372721934356,26.634655375824142
2021-06-11,31.775302495785553,15.224675166607687,26.81858817280468
2021-06-14,25.432766280370476,12.66765429085014,19.979166167832002
2021-06-17,25.45010688087137,10.93770489740022,28.234292257187352
2021-06-18,22.454287406967946,11.695654469178466,23.048515547524023
2021-06-21,19.00795835156894,12.398018559768028,22.10939485534179
2021-06-22,16.746690578060452,13.103468213250682,39.30564807970116
2021-06-23,14.149340843061285,11.021406976771571,36.02158680940897
2021-06-24,12.181226305660138,10.52634306892119,65.21215234305969
2021-06-25,12.05396661167161,9.890086403902512,58.70601886164899
2021-06-28,10.319511037826611,14.521850678862807,42.06529884992013
2021-06-29,9.112511768542486,12.117595315786687,35.33905781495992
2021-06-30,33.91360474032847,20.518913529292412,75.9369602119598
2021-07-01,25.20602337677381,16.9704379743583,
2021-07-02,31.84527526087544,16.93007966046209,146.23248912879825
2021-07-05,25.351738319433384,15.33469907767004,122.01629767142201
2021-07-06,20.54639138635278,12.74529875681012,84.81561955821135
2021-07-07,15.543949765849204,12.374911438274776,59.82477562952536
2021-07-08,12.51536611664443,10.381851831898992,54.95914200511428
2021-07-09,24.38724793955899,9.137770486336553,42.46187299066127
2021-07-12,20.70706841709546,7.8782311044538185,32.01090584170386
2021-07-13,20.959855006208922,13.275917728035013,32.073166632802234
2021-07-14,21.091466903221733,11.220571900855713,35.46880612226849
2021-07-15,15.947859060231377,9.658408660416084,31.460226037671575
2021-07-16,16.354120124586306,9.636906590969872,29.381453481384717
2021-07-19,17.40127302249601,9.885519467915017,22.573688220459694
2021-07-22,13.119289470267365,15.704201705394082,18.46213338040238
2021-07-23,16.921806383434976,14.696889684625397,35.09092218208664
2021-07-26,13.499388421031734,12.21981027483351,52.99720093325491
2021-07-27,20.129655298640728,27.06066024174069,51.28696519982817
2021-07-28,15.888525757541055,22.146023501369893,52.30642329418327
2021-07-29,12.106293208106278,19.02090135739119,74.44028842569746
2021-07-30,11.205088474274216,15.694808885625141,55.81278136086462
2021-08-02,10.360265799862805,13.088032564546168,48.69459139817251
2021-08-03,7.981125454649253,11.093643479123504,35.189408101978984
2021-08-04,11.857782674742795,9.400696110065772,28.857945054126
2021-08-05,10.702679786552416,8.99137675092465,21.41089951483257
2021-08-06,13.22039926429645,11.48983745403344,16.16447534292559
2021-08-09,10.047690058516618,10.39011109710578,19.467351028432557
2021-08-10,9.361791969712607,8.84406758089446,18.379343267079907
2021-08-11,10.222956590265026,15.288550298535986,23.87746606879017
2021-08-12,11.2357530897002,12.809155394293052,21.97390286457793
2021-08-13,13.317319376918334,10.736875135251486,21.805289182064502
2021-08-16,22.455153961528918,19.32933094030308,17.68070010578029
2021-08-19,73.29327843244361,26.06450948967207,16.670661372671542
2021-08-20,98.37056811188734,61.29403341052035,75.19010504574514
2021-08-23,241.8636625682201,,69.77219833395212
2021-08-24,620.5645637938904,115.93314618663278,
2021-08-25,420.5507877865551,138.7298771831082,166.22729596789674
2021-08-26,262.54360967067583,,122.17276729292429
2021-08-27,468.1631438735734,139.31548788555088,107.60123177454399
2021-08-31,303.4731573362072,115.32805805977361,75.16785458387407
2021-09-01,192.9580641946965,97.9886487913404,183.1149694604019
2021-09-02,230.4186714031257,198.4751785677657,195.02176060294943
2021-09-03,235.2443357924094,167.00665913939952,342.7474305729168
2021-09-06,165.9021071220604,137.4865190832037,233.3104104872098
2021-09-07,125.30565822193847,112.78221376166974,167.06120093653425
2021-09-08,546.3584042090737,95.13293983026539,146.63411319382104
2021-09-09,348.33757344771374,77.37537401376524,106.88961082013864
2021-09-10,228.25956952019632,64.86889779386209,80.33438874994523
2021-09-13,175.68110498747058,61.35599890965995,75.62294748878278
2021-09-16,133.00858033537955,49.96139177368041,55.787687486588084
2021-09-17,91.75086625278361,40.716352658480325,50.26541217111744
2021-09-20,94.4280115374204,35.734380942287466,69.31425714376802
2021-09-21,243.40067286080233,50.97190801259463,56.09135734486697
2021-09-22,166.23144828941562,55.8466357536492,63.2345109720619
2021-09-23,243.21383047405453,246.00519421147908,489.11960760677687
2021-09-24,162.06989980103623,199.94441163617032,327.8148195601069
2021-09-27,106.3744077620382,162.68055767766725,229.50265424962785
2021-09-28,75.72697127262174,137.0684914021894,177.78876678153532
2021-09-29,64.17553157435411,113.53596851473264,215.2543483585665
2021-09-30,91.30766006773759,94.32008335956301,234.34749166957548
2021-10-01,87.97738127239954,94.45924048794289,
2021-10-04,61.76641679543407,87.44978271110605,197.2294608473533
2021-10-06,56.53626128888417,108.3922653567058,
2021-10-07,64.26723347769662,96.47398112182823,173.9850951074354
2021-10-08,67.154645404468,78.49522411856643,147.37930535872255
2021-10-11,110.11854944506406,68.59082083813993,103.3877069955994
2021-10-12,230.98549898829123,59.939379473061976,109.30534312357783
2021-10-13,168.874333996496,51.31524541237202,81.52897999297541
2021-10-14,159.40624907402534,43.9799249319284,90.4279182811315
2021-10-15,165.85920987425422,36.82440041413256,84.17476922400893
2021-10-18,195.91327873047723,31.779018540763442,83.68338510823469
2021-10-21,662.5219518308719,29.559556699102526,62.66671450729516
2021-10-22,419.4910526238851,24.554668754893804,50.26367214390492
2021-10-25,273.06078674876846,29.28221801848149,41.881174991600666
2021-10-26,181.90966547988384,26.093034388417895,47.958737617662415
2021-10-27,118.44519543737395,21.437985071796074,42.832218791362806
2021-10-28,87.08428630817973,29.941899696478153,39.18519760993844
2021-10-29,101.66155302896118,38.198068157358364,110.41584450700984
2021-11-01,113.44893799393965,31.39958705494645,77.40413316180164
2021-11-02,107.69617819900664,31.310238438941894,122.85962603671696
2021-11-03,94.97881622358518,35.386162789765656,97.180149291614
2021-11-04,74.20169822413732,42.18809782991958,82.86775227259702
2021-11-05,70.19119639834973,35.11123252324457,73.63458634946191
2021-11-08,51.712111628298224,36.19149676938989,61.55029785621805
2021-11-09,37.491729476216086,29.733037826521016,57.970025909600004
2021-11-10,37.32660340748457,30.530235554955865,56.96524178986072
2021-11-11,39.55699711398607,25.873172951357404,55.6729798020971
2021-11-12,33.42562424611918,21.27767755034227,56.30857434890841
2021-11-15,57.15867319536995,17.54939934246297,52.25816941024038
2021-11-18,145.90079461968088,43.56528943012931,42.830478505231724
2021-11-19,185.67275492134758,73.87654612356116,247.52610162891867
2021-11-22,166.49292063966752,60.6424836671293,180.92593805529938
2021-11-23,122.01048445001972,49.9009049671769,123.87951605878212
2021-11-24,86.51783032530719,50.39852622424109,88.6081394974848
2021-11-25,74.92550872087754,49.6620812069643,75.47168467205034
2021-11-26,80.42964113124188,40.59348430469315,55.60420341863964
2021-11-29,65.91430011871797,33.120473658387766,46.2095773363954
2021-11-30,60.38028623415859,31.281278380878245,35.186017474898875
2021-12-01,53.79469065188518,25.60369476185704,29.691428415660052
2021-12-02,63.56514853174984,29.577819636819434,21.995070346409754
2021-12-03,62.83545490203585,42.98019701370736,58.49558418306317
2021-12-06,59.13567815560888,42.98755493167387,47.17085593379767
2021-12-07,77.2212789267708,35.294472170031874,37.270390186176485
2021-12-08,113.82608780490614,60.68934306646168,38.936999484842964
2021-12-09,460.6615549443904,67.11566658089677,44.17318092957852
2021-12-10,286.1394029199872,54.63353494434893,33.948138456980445
2021-12-13,182.5490708163043,,35.04095054855926
2021-12-16,297.88163039551796,93.11052070051633,46.64065313517732
2021-12-17,200.73281196002497,75.73322156481426,42.34015752047187
2021-12-20,142.36583433776974,61.63861201256333,38.518655308124096
2021-12-21,122.4600242767685,58.46991722662803,36.40344592107212
2021-12-22,115.91448217004353,48.35230480291689,26.680726918528375
2021-12-23,84.48684011668767,39.63611746351188,24.573080623745735
2021-12-24,61.90661260795081,43.966250110976596,27.237146048072493
2021-12-29,52.00969077056148,35.838580616037625,25.5071252307767
2021-12-30,62.69067652725892,29.982729167249566,25.97113615905841
2021-12-31,70.25524633402792,39.73931844034657,24.992884626116
2022-01-04,67.70773382456026,43.13619677478153,37.97720165556244
2022-01-05,47.398709217881425,35.1967334094535,27.774980112061673
2022-01-06,119.75077115697168,37.62958630389949,32.56750222860496
2022-01-10,163.73768193359737,33.83224530726312,48.51948214263721
2022-01-11,237.5825106251773,63.51030162261212,46.609145362345515
2022-01-12,179.60111133979984,55.19971338693701,46.1950498875733
2022-01-13,153.57162402700175,44.96948086152809,61.961747849093214
2022-01-14,136.51168923707695,38.494522252432155,51.06416705543129
2022-01-17,91.04953853611646,32.2801135870831,42.53081356152616
2022-01-20,90.60546698814696,27.761523871393045,34.140553378994206
2022-01-21,65.76968691855721,22.810755703400584,26.88808770030619
2022-01-24,55.219861761339374,19.33193693497386,40.025248236732246
2022-01-25,39.28041715334772,16.396560024442685,32.871410666120084
2022-01-26,41.00482744461125,14.896995044025468,24.21898136222416
2022-01-27,42.29416378743504,12.604678452779092,30.75479089749977
2022-01-28,59.11306223196132,11.056984012246048,27.32687010320664
2022-01-31,49.06932787181956,12.118768878076136,25.352938244147325
2022-02-01,35.45409916629834,10.189463195636945,22.27708634050029
2022-02-02,68.41332422088641,17.96178680857712,28.63420075809727
2022-02-03,56.94150446008196,15.283979955992713,30.6598100004152
2022-02-04,48.41382073469783,14.505511434274192,22.673106644433386
2022-02-07,35.95984358317366,23.718848928086775,25.922933205495365
2022-02-08,36.4113528048773,19.447232352580325,24.95816069711971
2022-02-09,128.8999266055139,16.044135178532155,28.573762615811
2022-02-10,532.4725343837765,14.102286465782665,28.448121962345514
2022-02-11,360.1371818310564,11.939103883514854,23.816212339546514
2022-02-14,261.2616413772184,31.16700782623072,26.609842011856784
2022-02-17,1958.5426239761748,26.44116881535298,29.417822324768732
2022-02-18,1129.7085694376995,22.235845194484195,23.987007151680082
2022-02-21,671.9539246501986,18.265547405689848,23.308239295168878
2022-02-22,408.75593006370275,15.078214179659717,18.33388716700251
2022-02-23,258.8374346242736,13.105708251687897,14.844928634505749
2022-02-24,170.76994603072418,10.95756365928377,16.780664173230146
2022-02-25,113.69084797198673,9.269752944938759,12.8733438939579
2022-02-28,83.74758395862142,8.829810408900633,14.925607342903039
2022-03-01,81.72657398190194,14.279378992626068,26.954716656107525
2022-03-02,61.39578461223844,25.88261183349483,21.520588764760394
2022-03-03,68.40893814817633,21.193632345181463,22.070187858480566
2022-03-04,64.23071959171547,17.509507683068264,26.91107256432255
2022-03-07,47.731892053680056,38.479193250492024,22.189019717941182
2022-03-08,2461.9900847896256,170.0379721324213,126.03560983307521
2022-03-09,1427.06895540132,138.3845792251534,322.6954577132842
2022-03-10,834.773610756122,117.67299473761837,
2022-03-11,504.9020646485706,97.78870249895769,253.0208537327527
2022-03-14,316.67329822172604,81.84456539443632,223.39784977541345
2022-03-17,214.921087388312,66.56414248827627,190.3508296918405
2022-03-18,198.98307208949933,72.05125370287304,130.0846433581744
2022-03-21,361.28086851716785,59.988397539146725,96.6088075888411
2022-03-22,227.46125933989302,59.38474612345103,87.74948952292024
2022-03-23,360.39430752901853,156.12372834231886,86.23628689583782
2022-03-25,287.2590781750004,300.96073306660935,195.51133442905805
2022-03-28,193.83974758966704,246.2460726272731,133.47771548563944
2022-03-29,175.7540065950392,210.67324704963036,
2022-03-30,368.13126569064866,171.23558079191582,135.08935760958846
2022-03-31,402.84733419056266,140.5269391294793,111.81337984101467
2022-04-01,252.09309512849777,114.62258669801986,165.8363896923668
2022-04-04,223.9836050300639,93.20298718018712,113.92161148357715
2022-04-05,190.22339030646944,76.03695025371645,464.59937465765137
2022-04-06,123.4182410357481,63.50954228776213,320.2323200179063
2022-04-07,89.78682425071958,51.70812843861104,232.35583600443996
2022-04-08,74.73429227943285,42.11123066953756,169.50123409232148
2022-04-11,54.11672192376325,34.353257564158774,123.891078532138
2022-04-12,46.13641592344477,28.35545437417176,95.05744105454161
2022-04-13,119.43984603811465,24.168671264611742,66.73669062073591
2022-04-14,243.9265229617565,19.8924596510425,48.61514762527002
2022-04-21,204.7413675922958,19.08819848359459,37.0119756523068
2022-04-22,145.69907676486466,24.498338566828917,53.69932849616535
2022-04-25,105.50944692619663,28.533597053901698,44.21427412870681
2022-04-26,244.77441825017115,55.002875371102846,35.613697528431025
2022-04-27,202.30710314755132,44.99974617510853,43.522159372302305
2022-04-28,2664.4405867676587,119.55541696544192,256.4551549514619
2022-04-29,1518.9849942771616,260.5734994173516,
2022-05-03,890.7076469599615,212.89501529334618,211.1538593185665
2022-05-04,547.6052332149208,173.50299222398374,161.1373032698174
2022-05-06,381.4578247733976,291.8964921479059,480.52135012160556
2022-05-10,287.9570467855676,250.9356280747198,268.5464937802753
2022-05-11,194.80377851431092,205.67316733321985,207.79399588220718
2022-05-12,223.54334646356952,167.47633907854504,156.2195122883336
2022-05-13,144.67378385207965,140.26295081035028,126.47315049167648
2022-05-19,159.41683268294318,114.40884311972317,110.57195934190854
2022-05-20,133.20915586153953,96.15075560437465,92.87930221454997
2022-05-23,98.62253915977266,86.65197992132389,68.58365727448331
2022-05-24,79.91996961223775,72.68341613803085,48.81030542588383
2022-05-25,109.83799083691774,96.92467394259954,62.38372895060425
2022-05-26,95.16736202964474,254.28933976275115,143.90771088933158
2022-05-27,65.00516005260202,238.32241676572184,119.6142601342425
2022-05-30,87.12162096090142,195.25815147294463,103.51982564731736
2022-05-31,69.98660028644379,166.33318928166182,190.36407232600232
2022-06-01,123.12787743326989,141.5151841109322,150.8002571642474
2022-06-06,94.90145664933478,417.87981001623336,103.96806788026403
2022-06-07,104.51058771857997,341.09245850025457,133.6527866713966
2022-06-08,154.94955852785733,277.22784084008237,
2022-06-09,135.77883397236607,228.70279320645784,133.9963699154956
2022-06-10,114.83099484200227,187.7846797936638,102.82302856554197
2022-06-13,218.19413722120285,170.2150872179058,88.12840098786927
2022-06-16,436.4542581504876,350.2362516936991,195.7312837391232
2022-06-17,327.8572047895816,285.9466804997949,148.1829279895677
2022-06-20,207.0587777992783,232.4103887157376,
2022-06-21,167.49557712645432,189.28997543571379,121.26998429004946
2022-06-22,130.61343236968418,160.9183831096099,113.46525056436367
2022-06-23,91.75982989099224,139.91534495375805,121.19902268710617
2022-06-24,90.99967148780101,,109.4006006186933
2022-06-27,72.47958893125214,140.0962499220562,302.67741698413755
2022-06-28,60.893370187957046,114.79215796891623,209.0929398942065
2022-06-29,56.811108134592864,98.75113960682715,153.11798733817443
2022-06-30,40.3195182928592,80.39895030406892,160.12828160440438
2022-07-01,68.46154041203248,72.71648639064207,124.00718628118554
2022-07-04,66.66853895776207,,105.64642563722674
2022-07-06,129.5046985006589,255.32095777953862,593.2484189242211
2022-07-07,241.34506274131135,211.6765646563,410.7936074925683
2022-07-11,206.06901150706383,430.9941550710472,259.2058913997599
2022-07-12,143.14647484201052,350.56041051379407,175.12760696517933
2022-07-13,140.93223215200965,285.2301433275222,265.79021545326907
2022-07-14,104.21735215130168,235.5510863113489,284.89712402228497
2022-07-15,73.21832563086629,199.22435602975094,195.26066751817748
2022-07-18,54.00788855431967,172.37683267150166,137.20820319930172
2022-07-21,56.24962462909031,140.85027436641911,103.21546042253352
2022-07-22,44.59153484194452,117.98210256293993,89.11449719646929
2022-07-25,32.300228432333334,188.08033629909423,83.32900794320533
2022-07-26,29.775573452549505,208.501751509474,485.9027544378601
2022-07-27,25.46273958188817,171.8380794063389,332.2831069473676
2022-07-28,58.58128054628591,145.08334186745225,258.16330610871347
2022-07-29,334.72944931580787,118.09324076766633,197.89322633589114
2022-08-01,306.678393339515,96.74653939940909,137.71202826968442
2022-08-02,216.6684138298244,79.92262389253384,122.40829951323572
2022-08-03,148.02285549143969,67.0289586126921,113.20384890815406
2022-08-08,155.45967738920626,,97.08323162010424
2022-08-09,173.90179265561468,94.42380731629292,203.68209093198627
2022-08-10,127.70773591861041,77.3605960207876,140.23071573153183
2022-08-11,87.14417083741226,64.71913171469997,99.91137863909918
2022-08-12,77.8426475148312,84.28111266555453,75.01000007928637
2022-08-15,62.37976028824867,80.28695848663884,57.09504380383076
2022-08-18,57.80003292130585,65.32245064419169,53.16270416438807
2022-08-19,168.25971092986143,56.579089566436195,104.95170099168703
2022-08-22,124.277005389868,46.46289754507043,98.80029584819256
2022-08-23,211.46225963880192,40.507671618671516,100.7970689975979
2022-08-24,140.55361943460682,33.868000846026945,72.0915248716202
2022-08-25,119.94509572494566,38.96096924630529,66.02640585981929
2022-08-26,107.52141820631778,32.184304807880125,56.9769502782586
2022-08-30,83.40326601211567,26.45166179681974,47.90798210145639
2022-08-31,61.919673335996016,26.310870677496474,39.76606370417781
2022-09-01,67.81882785207354,26.330955348204423,43.96823090936343
2022-09-02,51.03400901563742,21.724174118622873,44.64873606778397
2022-09-05,39.538874576834104,17.913022660347377,36.421951378770466
2022-09-06,35.47806927388163,16.22403057964058,34.11475770466133
2022-09-07,34.5144077494708,16.803308597390313,28.38785577366044
2022-09-08,42.48460972137542,13.959577328264624,21.923928130481855
2022-09-09,151.60091275850553,11.916717562984328,25.86019179860645
2022-09-12,115.55358818239749,37.463238756117214,24.655726225065635
2022-09-13,133.93188481138614,32.437936995814106,42.39364817206172
2022-09-14,91.44981728554588,27.04255642643258,34.74822099166774
2022-09-15,82.23031816200043,25.312681909455442,32.92043726924099
2022-09-16,61.99912217214184,21.456674990370416,34.35735175469946
2022-09-19,58.69896505249667,18.62884970510398,29.917572694173955
2022-09-22,97.51814917263523,19.79071998496913,27.214271368558887
2022-09-23,67.91875241352068,16.8138617976039,21.386236494827628
2022-09-26,49.73900090347867,15.737095853385583,25.25658056330513
2022-09-27,40.60328276005143,13.05206489567086,29.135086078919016
2022-09-28,43.226189266493016,20.0482806721583,28.423557629556587
2022-09-29,56.254596147115095,17.279583037144693,35.31200349210733
2022-09-30,44.59472456588356,14.321768177865218,43.268269852342684
2022-10-03,47.39361882106962,11.937957644204914,31.443138091967647
2022-10-04,41.41870522639944,19.35889021108335,24.546356321022973
2022-10-05,47.64101266306484,17.075919423974213,25.306192948839914
2022-10-06,59.39011928673579,35.636329708389866,32.63562603417702
2022-10-07,55.91154242730017,31.525818210069787,29.199925863718416
2022-10-10,43.08607134998968,26.840103385728014,21.65065336922684
2022-10-11,36.33163270563908,23.770508460271714,38.73568467342632
2022-10-12,45.38976068806627,19.57728170918995,35.485093934319764
2022-10-13,62.477033368438086,17.327901159917495,33.497550918305826
2022-10-14,46.91617489481223,14.330021078466778,26.495321652991116
2022-10-17,71.24187973582862,12.323374921755759,20.778732503380404
2022-10-20,124.14618165799406,21.595541481387503,19.820030841681795
2022-10-21,82.33654886113067,18.338192630676577,21.019198607181625
2022-10-24,57.01124265628941,15.144149247701137,20.28694109446744
2022-10-25,44.31446793139027,12.607790610166422,26.251617497790466
2022-10-26,40.77059239384031,16.764837573776212,20.572768486716946
2022-10-27,38.73615025079289,13.865338743872,22.961634462940253
2022-10-28,44.06950308281022,14.705070669323295,26.09518849209414
2022-10-31,43.60408835792993,15.679052977928107,20.210373473697743
2022-11-01,32.55880865712079,12.999719890764492,16.893771666089865
2022-11-02,31.543252635433234,11.579632477821168,26.979871057385886
2022-11-03,69.35963368583757,28.534166320899143,25.241705802073177
2022-11-04,55.748920822409076,25.67058934593146,36.59777249878051
2022-11-07,59.49244108446857,21.09717177771698,26.815929089058912
2022-11-08,85.90611790241901,61.447027220276816,50.24107342300988
2022-11-09,74.0394455781401,50.05895605924463,37.075181890672496
2022-11-10,256.6405411625268,40.76285488590597,28.885883053092552
2022-11-11,188.08507464142588,47.06128544014735,22.356773339945708
2022-11-14,220.6957090909151,42.269760893235656,16.833789472464062
2022-11-17,413.770335140909,165.41244061745348,100.28491342680041
2022-11-18,273.4123564163537,135.8424157724132,522.6912688115171
2022-11-21,185.63667760993854,111.05481725422472,372.0849834841986
2022-11-22,132.68601952737112,90.6458324893695,398.13710377300805
2022-11-23,87.73656702142294,74.36058594165792,287.41438215011044
2022-11-24,60.26938657671078,60.79856255475029,199.56364074898002
2022-11-25,45.55307006025521,50.86762396084533,140.03083800930057
2022-11-28,46.698325078507075,41.486989848264216,102.73182787941401
2022-11-29,61.78077123635094,48.7706012550977,81.85184728727508
2022-11-30,373.07711465209115,133.55006764823167,117.21254421028955
2022-12-01,302.5796861380008,108.57711174516454,193.5386286086115
2022-12-02,467.4312404910068,202.08137515938552,373.92646594367363
2022-12-05,296.50778775991733,171.63107493611992,
2022-12-06,228.5407551525202,196.60697014134462,293.27045211977884
2022-12-07,150.4869033712173,159.94155464276625,206.8940558172923
2022-12-08,126.92408785043774,130.6022774502708,140.95123338672786
2022-12-12,145.2864612556897,87.09022963729272,78.32132466645838
2022-12-13,111.85412943395634,70.96550521560249,64.16512442780709
2022-12-14,77.19271791394662,58.02107840116611,46.841282804984374
2022-12-15,65.57075511631896,48.80857050735859,37.30373874183433
2022-12-16,70.493620419954,40.05715021162047,34.3944041596689
2022-12-19,51.5011480107244,38.75055842354887,42.397442142505696
2022-12-22,62.46515260655272,60.683699025758386,43.684920992745475
2022-12-23,59.98791459127108,49.44017223783288,37.45753185293048
2022-12-28,70.7020581121396,45.79123444471497,33.250558038585375
2022-12-29,79.77711919067953,102.18497925811083,
2023-01-03,63.59160488598798,,98.81869737117422
2023-01-04,100.64581355024136,116.59462219091728,192.92887511693715
2023-01-05,71.44415035428547,,131.78011631224044
2023-01-06,54.783940837438145,125.20508045988153,196.87679564880963
2023-01-09,220.35681700876916,337.4668599177921,134.37500122357972
2023-01-10,146.79089519410138,301.52775995020875,238.6052470846353
2023-01-11,102.07572207898866,245.5999019225185,186.2615218771728
2023-01-12,81.95851820906167,201.04890217005564,219.36295939805115
2023-01-13,91.60247450225133,163.45767339270037,375.2697380445223
2023-01-16,67.11298196886568,132.8735695958265,257.00716863785084
2023-01-19,49.45560964521309,108.6568119637478,222.9728249180319
2023-01-20,278.9308730648859,92.81666491525715,168.7886254561886
2023-01-23,388.7892340628891,148.76006011276652,
2023-01-24,254.36947481786618,121.70570411663567,151.26337649316636
2023-01-25,163.3060504788664,98.95152062426232,118.27558022774998
2023-01-26,107.57107721255521,80.69154274334014,84.02274942737381
2023-01-27,76.74298867054738,77.81327659822675,61.71784619053201
2023-01-30,60.911307255299434,63.320995288593316,52.60271406900283
2023-01-31,42.75594317389683,52.42762092005108,44.11258435232183
2023-02-01,40.66282768164196,42.792754880895224,41.73532676072155
2023-02-02,30.86288079220284,35.5317179294258,37.63472098791897
2023-02-03,48.25544386935193,29.391687210200203,29.845576342505627
2023-02-06,75.4862467894348,24.031259882836643,52.65769695827408
2023-02-07,68.38080682497532,20.20853041318353,40.89725538558648
2023-02-08,51.268598806154166,16.62687822002767,37.32110777806489
2023-02-09,40.52944164130407,15.96056886577687,29.456689513503182
2023-02-10,67.58183917832817,13.384314932067063,28.394513832369196
2023-02-13,47.317259236469084,12.20463050845304,28.883167826765852
2023-02-16,55.03633577789767,17.365976812428578,24.79766468072528
2023-02-17,48.836487179289776,14.582862391068288,24.838777105141958
2023-02-20,40.31968367295598,12.253686026880377,18.585796229680824
2023-02-21,36.63374828771075,29.144234730707947,44.03666457217922
2023-02-22,86.89849186726845,37.131350058786026,72.66585538203209
2023-02-23,152.6907456623713,72.44053586503819,
2023-02-24,3558.7462360830677,132.50762935318485,207.73873711057618
2023-02-27,2019.6083194523253,108.01592995745143,158.63664936112093
2023-02-28,1178.9271304408173,89.6074478300155,128.0385264659132
2023-03-01,725.4120272433115,81.63722924383394,108.24701938517408
2023-03-02,527.7817825309467,67.25133080115454,
2023-03-03,436.70474760762727,65.37699654569587,164.79935161579792
2023-03-06,273.1857216123449,53.301327344362726,128.86447553023163
2023-03-07,181.97173358076333,43.65523197384261,94.081327478858
2023-03-08,124.60679166768854,35.905712391079646,70.1022226794859
2023-03-09,85.75766394265965,38.00560217522806,61.6359862700376
2023-03-10,65.43054987695272,31.558188148162767,44.06979031708559
2023-03-13,51.03249269390827,38.08133371295124,46.92119840044354
2023-03-16,36.297254138092896,87.49892107871327,99.88604734887022
2023-03-17,18801.647050205847,82.18387193089868,
2023-03-20,9612.815599924486,82.34717729443044,116.1629200103834
2023-03-21,5115.2414187547265,127.47308401687631,80.90301578948069
2023-03-22,2801.5776553771525,110.81274269254084,116.89960232330507
2023-03-23,1607.98213153226,92.15634232214535,89.0389822287532
2023-03-24,956.9196216928632,74.94742526178695,72.35182454643234
2023-03-28,613.4032249438059,122.1981944032825,91.92498376795608
2023-03-29,387.12622882892373,99.35610511131028,337.0837612518261
2023-03-30,330.112792580662,135.2422825147607,328.33747110273106
2023-04-03,256.65088799533424,,229.02374134648824
2023-04-04,188.09121401167027,178.79198096266225,182.51328398609104
2023-04-05,363.608787776609,146.30256976488508,124.92534614251583
2023-04-06,365.15506240749863,123.63626016248826,
2023-04-11,242.27386703129267,,131.6081362491958
2023-04-12,192.60055035264173,129.58972054611854,120.61441956863747
2023-04-13,161.08122284895776,151.20128431720104,112.08457686235504
2023-04-14,158.8565711539077,146.0880946341896,84.65939063164947
2023-04-17,111.5644799409398,118.98446402365799,68.7726100563993
2023-04-20,312.3467758032419,100.11408426926941,59.81649636949845
2023-04-21,200.99619876646537,83.68069727039389,80.77893460584077
2023-04-24,142.5255628130777,68.70961722695075,
2023-04-25,99.68710959900562,110.33963138812322,199.88988690301807
2023-04-26,68.72423528140428,,136.35424356359573
2023-04-27,89.16100345650887,121.40371032980214,112.63294129637367
2023-04-28,98.00567475193706,113.05362579806254,91.23092366412482
2023-05-02,74.21194258119148,296.37217459279134,67.87483832642417
2023-05-03,90.88626274460161,241.4107480900665,76.7870589715464
2023-05-04,81.00406894054136,196.206846914766,56.49173525833848
2023-05-05,55.961282717301096,159.4880091988007,48.505305873669386
2023-05-09,50.792176924531454,129.8559967128871,44.40711168811101
2023-05-10,53.94538787388618,105.79215044144954,36.18462892705222
2023-05-11,68.82419143750282,86.15510832198983,55.83769981079878
2023-05-12,52.30864767266266,77.54842528845366,45.34866911254048
2023-05-15,43.72537559991993,63.10152153953828,39.835210386067615
2023-05-18,151.10786712748313,52.9981331809783,41.164444279434086
2023-05-19,123.89686438923674,43.45267067700264,38.20215963363037
2023-05-22,86.20918114784936,35.41495564303678,27.931270888654286
2023-05-23,94.59899646444313,30.596613093098487,40.357181170522075
2023-05-24,66.78151453797209,26.23820190154174,34.712442107033255
2023-05-25,67.31131630699916,23.755884988596552,29.26383683875075
2023-05-26,60.33902802882428,29.593166328129325,31.106380283018176
2023-05-30,67.76686726550186,46.58292418209691,29.718432079400777
2023-05-31,77.54189253200498,38.08959273691448,22.728279483852926
2023-06-01,108.71693223664077,31.114197333848747,25.073793542272554
2023-06-02,20430.339297357066,,37.712060542631065
2023-06-05,10431.138672160343,85.66022946847788,37.835834635143264
2023-06-06,5641.391753722516,,32.76443811705982
2023-06-07,3076.9709637857786,107.44436290707421,25.401845361914294
2023-06-08,1727.7830170697505,,35.9127812783206
2023-06-09,1087.0675801882946,125.27958945934785,29.46078100161333
2023-06-12,769.9477701434942,102.02929975942409,25.381177601061182
2023-06-13,471.35089885496683,84.20294553267347,40.18816347527119
2023-06-14,324.1303561434631,154.89234078635167,147.98364835727781
2023-06-15,236.1271126683311,128.83746192465864,200.72583498120838
2023-06-16,356.2210507915882,112.77068748148518,157.79776411524597
2023-06-19,325.7069742211701,96.00275481476186,
2023-06-22,254.1247787329733,80.43605948684369,159.1196660136299
2023-06-23,183.0615943360578,65.57360579868255,111.35662105575838
2023-06-26,125.5912145204457,53.358594831541694,77.68529809586127
2023-06-27,135.59029455539968,43.67270600477921,62.27615986365994
2023-06-28,119.52516789602485,49.08740647621126,56.52491810656762
2023-06-29,88.39821706617728,45.53990269476535,92.18715920345018
2023-06-30,95.38094555482944,37.308920454100964,310.9401795075881
2023-07-03,103.55577555515862,34.28354247536204,268.7511456342075
2023-07-04,90.25578048806695,33.17057680986666,188.29688129131978
2023-07-05,239.97954202144248,,133.13197449846808
2023-07-06,158.05521204104272,86.16831643068603,121.00245680082074
2023-07-07,123.84259485140565,123.58477187528541,239.3996335917154
2023-07-10,107.0765380508681,337.07217976477443,173.2009361788593
2023-07-11,274.15960603622085,332.4973807545898,158.01229400001347
2023-07-12,183.28326024145653,270.6064588547561,113.18857151438667
2023-07-13,135.8246347922756,227.69085663119125,140.2232295761384
2023-07-14,104.50357520698356,,407.24970494602724
2023-07-17,106.03029990854893,202.32820060320674,277.50432787948483
2023-07-20,128.13375254546534,166.70331714901454,224.44209372647353
2023-07-21,85.87886935282991,141.8025213363144,153.88060705314118
2023-07-24,74.02291453883934,129.54195664424628,108.90046342995754
2023-07-25,51.47508904596266,107.54151344275095,76.03913455633311
2023-07-26,37.96311191748422,87.47971389638721,61.161971110735045
2023-07-27,46.47320810510715,73.73718051397223,66.49067920892021
2023-07-28,38.910816968108655,60.34522512331533,48.7917552923201
2023-07-31,30.78902742762947,51.142106064929706,43.38462470353166
2023-08-01,23.11160719134424,70.48559332210029,42.19837201743344
2023-08-02,32.418059212870766,69.49190236319659,44.52242840041749
2023-08-03,24.552850607472333,56.86759611943707,49.57143315510955
2023-08-04,21.962940571167177,46.505333843907465,41.93500602145375
2023-08-07,62.92815927626208,38.12563091803864,49.505717622566536
2023-08-08,51.41407019783449,31.190044110849975,46.410268098732885
2023-08-09,36.217579491744644,34.58481286985137,38.07577887094463
2023-08-10,29.335170065448025,53.02318332052762,52.97260524666604
2023-08-11,26.660894326778564,48.02976900330529,63.97368286938068
2023-08-14,33.98200408894657,41.75869830589488,53.54957816749359
2023-08-17,39.54428005289273,34.58753909065389,45.525096581873974
2023-08-18,77.31919030938793,45.82325931878814,44.11871968274009
2023-08-21,231.93436897005864,67.97443782815759,46.41400396562753
2023-08-22,269.1359197662327,65.60067166416539,53.200681117970845
2023-08-23,276.6509830788552,63.801383457922626,39.71654602425154
2023-08-24,295.8187304600816,52.049725072061776,32.776365976579484
2023-08-25,200.5455446544874,50.16738575657358,34.26727150926449
2023-08-30,183.32260966969895,33.81510236919698,25.69514123694711
2023-08-31,993.9457864226442,27.66059380003692,25.101505727037534
2023-09-01,600.8565248895231,25.841409030307503,19.90774635592017
2023-09-04,377.7592240059617,22.609793347241038,18.270537376543306
2023-09-05,270.09060865664884,21.9976268027619,20.262183789215985
2023-09-06,192.62878022384538,54.4177132515462,28.573294131193453
2023-09-07,139.52793123314424,48.36172384450199,27.241435255361914
2023-09-08,92.93228103739783,40.002282313973716,23.68663438207194
2023-09-11,71.82464523266312,32.66094993292201,27.24957229210325
2023-09-12,155.8141797891236,26.728982603031163,21.534347777676036
2023-09-13,142.94790170282576,22.10059565703512,16.251882824932437
2023-09-15,636.7044814106346,15.59775804897653,15.379577965054619
2023-09-18,401.892313270946,13.341835922894395,28.69668865193238
2023-09-21,250.9466760908364,12.770377639440387,28.748035290307907
2023-09-22,162.21216357766417,10.7040404255522,23.80460053528746
2023-09-25,111.45738874398693,9.252549648905728,188.35868032818203
2023-09-26,86.10598745233239,9.617059441349262,132.67650105990435
2023-09-27,68.436419216758,32.35117064356276,99.00272271464729
2023-09-28,53.221479095820925,27.14875410791606,76.45716388051763
2023-09-29,37.7951150993794,27.336830131827874,60.62276796550759
2023-10-02,32.937666331132306,24.876810275584738,56.183478519816454
2023-10-03,35.34277792521991,21.77572756551115,53.944095649281486
2023-10-04,26.811039382844832,17.942973757412606,38.98639982686657
2023-10-05,19.440061019805583,15.743510093303286,30.058594312973167
2023-10-06,17.46284295303742,13.51691104810399,26.64358112958999
2023-10-09,14.059479723146957,12.298946494887346,29.317067681480307
2023-10-10,13.835075310348383,19.674533539162624,32.093116996271704
2023-10-11,20.05718195062222,17.179542418108745,42.591833240738815
2023-10-12,16.556600803565278,14.701411409358276,32.91648290845574
2023-10-13,14.826912711012476,13.165806380446634,24.773891485785885
2023-10-16,12.241899159407128,11.707615957573706,20.777661957140936
2023-10-19,29.872105719026,16.986833286562252,21.826686738021934
2023-10-20,23.96272962380508,16.853012607118526,20.55718632520704
2023-10-23,20.062781498688718,14.027565180686356,17.049261503529333
2023-10-24,20.02702288708882,11.713464342727168,12.71365298041965
2023-10-25,15.127530174588665,19.748829232401533,16.495251760888628
2023-10-26,27.000685635003396,16.493342399992994,17.51575823651246
2023-10-27,26.47536558106285,13.657002148369063,13.596613898413665
2023-10-30,22.219286207464904,15.276189801938369,10.593713258952485
2023-10-31,17.294786474643423,12.708546273691226,9.825119326285431
2023-11-01,22.864707737851198,12.909221090704738,9.789431000411563
2023-11-02,17.265491964694252,13.508088460888574,12.26556391833177
2023-11-03,15.93309914416237,11.626181838127653,9.268896291283546
2023-11-06,13.890539318567239,10.488357619378242,10.136939545296544
2023-11-07,11.73387553723029,10.77723821546036,9.623423754552586
2023-11-08,10.466836683559244,9.80691648542313,15.100029670366055
2023-11-09,13.827635807992195,8.570724748471292,11.623299145117967
2023-11-10,10.817650986756645,7.645498662209445,11.64397738106556
2023-11-13,9.443810833060528,6.95064972403076,10.673715289860349
2023-11-16,22.534014921035347,10.299384639899134,11.562097601722206
2023-11-17,21.175361504998495,9.014258273547197,13.703981005443286
2023-11-20,17.515446047563497,7.839011883913252,10.981948524240437
2023-11-21,25.476478709965818,19.4958066129132,13.241896932889214
2023-11-22,24.273065053690566,16.442310202385535,12.194800415853235
2023-11-23,19.431944351074733,13.77608559030511,11.7685084915299
2023-11-24,14.702214160331234,11.545645484112569,9.117408939758867
2023-11-27,13.19289088204989,9.729647464858749,6.97917775148865
2023-11-28,10.210564905904235,8.379130875660904,8.455255145080901
2023-11-29,26.43933845439833,21.94719431714028,21.829125155173728
2023-11-30,31.48704981435892,23.387737569720954,18.20636685323574
2023-12-01,31.893470050581165,19.181667355863894,17.32689532957007
2023-12-04,22.974344156554714,18.793020293234708,16.538198279467736
2023-12-05,19.395395795921356,15.793934238627257,13.42762508897133
2023-12-06,16.675351657242857,13.09244853928752,12.106016421402845
2023-12-07,13.517497397723805,11.723305296806137,9.52105334389937
2023-12-08,12.421943574338833,9.870672640405216,9.464047939525823
2023-12-11,12.547040331291468,9.092126113271334,7.229843490273346
2023-12-12,16.352521764859503,8.071124252437299,8.19878421661197
2023-12-13,14.72018271036641,7.074584499245778,7.836755652781284
2023-12-14,11.301618992590265,6.303769426170571,20.339393821719124
2023-12-15,8.512461013071047,6.0153403780376635,32.971867127541024
2023-12-18,7.837292378412292,5.5934383005974855,28.189316410866795
2023-12-21,35.01198716773037,5.532008331414343,22.027272393180592
2023-12-22,25.188308839078452,6.190244524266166,17.30958813696267
2023-12-27,18.385909242694087,5.661570378820555,13.777420190134105
2023-12-28,19.894240316479497,5.380986667314702,16.16184458832923
2023-12-29,17.167236586180422,8.499787384733043,16.33190993979628
2024-01-02,14.086818720519826,7.37263653988044,12.31199581078088
2024-01-03,14.16085611417761,6.530060373540099,12.697657989949963
2024-01-04,13.901400402274332,8.544803417932366,11.428384692207095
2024-01-05,10.900514379169385,7.4125871528468545,13.93640850289349
2024-01-08,9.370881302578534,6.604143660497515,11.654591530789975
2024-01-09,7.8040701760226705,6.169146973049307,13.078357884511526
2024-01-10,8.894312668664254,7.5134396086391595,10.236123903690409
2024-01-11,9.222142845980912,6.646045947053267,16.446698960162863
2024-01-12,8.702746871669866,8.713859860163168,14.48456573216338
2024-01-15,7.985914873211986,7.736549858008195,13.18879161360542
2024-01-18,7.297642884054191,11.438964405413845,11.950223830402313
2024-01-19,9.419214938704208,10.766330654854839,9.408720621887987
2024-01-22,10.775288854884742,15.131510115993205,15.116198729509243
2024-01-23,14.716186515444319,13.253371051651115,24.604341683154715
2024-01-24,11.997603078212132,12.422294144078533,19.44519073382774
2024-01-25,9.470065427481686,11.096332944958379,18.240791880507874
2024-01-26,8.520621017483082,10.247263019428253,18.06916369575712
2024-01-29,6.624298608844157,8.905206259153266,19.920652302062926
2024-01-30,6.574849556025505,8.098974113251225,15.003381283609968
2024-01-31,6.971964097722358,7.297953462783297,12.056148591110317
2024-02-01,5.865334023582372,6.662702594038135,16.890301488268424
2024-02-02,5.391917310600348,6.123508173742942,13.593171886601944
2024-02-05,9.138339321013076,5.605943450890322,10.41833348794565
2024-02-06,7.5262473363866835,5.277236299646539,10.417374855145804
2024-02-07,7.167112113304427,9.640951203273575,10.043342594729234
2024-02-08,6.9177677407261395,8.32333041201987,9.226142449645206
2024-02-09,5.946701776001476,8.688646336365691,10.237246239550224
2024-02-12,7.020741116919009,7.884116369176606,15.849277846390397
2024-02-13,6.406158657539214,6.947935045886769,14.250136378546326
2024-02-14,7.827534555647616,6.653361094973837,11.080314279048485
2024-02-15,11.58080737302171,7.636816187049341,8.780666977834107
2024-02-16,8.855604219326887,9.049024144808705,9.797972331560784
2024-02-19,12.864748788567406,13.822884129935986,16.24217028260662
2024-02-22,15.168701681408137,11.524778127005588,14.343705014134109
2024-02-23,13.678810279230193,9.719271406148083,12.464182807597965
2024-02-26,14.552871809339399,8.963833363710837,12.250012638360703
2024-02-27,12.052376250389273,8.201309241414764,17.685985400277513
2024-02-28,11.210547057132295,10.536903851020082,16.16654252712194
2024-02-29,10.654669815267857,10.254008488661231,13.802554250911667
2024-03-01,8.323812217856537,8.757402958706257,12.16798338451385
2024-03-04,7.721972677928354,9.992465455267476,13.126882062034673
2024-03-05,9.460888761188516,8.711116679546135,11.772481755999198
2024-03-06,8.514225711537911,7.704401703328844,9.26105656947353
2024-03-07,11.022414688931168,6.776357929727005,8.526479239039043
2024-03-08,9.610890529854432,6.22790049543131,7.033117095125704
2024-03-11,9.956046089792311,5.701618470382157,7.59067248974089
2024-03-12,8.048430102725973,5.839334249498485,6.245889823088736
2024-03-13,6.728418265863571,5.4251411612997655,10.059868977106312
2024-03-14,6.613856212132241,5.962314496091145,12.256271581718265
2024-03-15,8.938721200550553,5.637842067978777,35.80850239089662
2024-03-18,6.787249743738173,5.294818929314352,28.22385097521661
2024-03-21,12.546957405870216,5.55887770018834,22.399897592775403
2024-03-22,11.908981219986979,5.330345564719152,17.856147986942744
2024-03-25,10.144143198541762,5.0906568619001735,14.349322406916194
2024-03-26,8.990340160346353,5.076010792308322,13.878723787324732
2024-03-27,8.250021608117512,6.393371770562189,11.337553063654202
2024-03-28,8.472053262090379,6.41702990127412,10.610652090160219
2024-04-02,7.490107320790212,8.873045483813584,13.430914457717847
2024-04-03,7.484884336854556,7.7801363382138,11.827960676090772
2024-04-04,5.773192261834376,6.8571866823156,16.080382671582257
2024-04-05,8.12843666428918,6.377690473961443,13.811681103676355
2024-04-08,9.42166920102498,5.7936903671767475,10.857405780360558
2024-04-09,10.01616099878808,5.574470736237232,10.581548382265725
2024-04-10,8.644763088378122,5.444070094833933,9.655598652851115
2024-04-11,10.456152332707967,5.552049909244001,9.699362886041662
2024-04-12,9.15716572733239,5.211917190237186,7.412568037727901
2024-04-15,9.577164147718005,12.079404014671804,8.387838516800763
2024-04-18,1118.5691014790405,27.235883280923836,22.703784740582943
2024-04-19,665.8511312299349,24.263878170523512,21.640303796766126
2024-04-22,405.51104396839764,22.008589801452747,17.87146100519322
2024-04-23,257.6654681141559,18.115919733038815,15.161111819607042
2024-04-24,166.7673553181712,15.079671421982683,16.768706195096232
2024-04-25,112.17297227716941,13.294473795692342,19.582340337260437
2024-04-26,76.94205028266906,11.11190586341234,19.422169141729647
2024-04-29,60.06009521385544,10.188024788796668,15.573283211183847
2024-04-30,51.964327520224366,13.327598997399452,18.611164330801223
2024-05-01,43.4724911391223,11.137513884949126,15.594045349714749
2024-05-02,35.60436941436623,9.461468981668187,19.12153322913957
2024-05-03,27.07293015737105,8.149221940951945,19.82410543415892
2024-05-07,21.42318186014696,8.078813802555953,14.910007020416012
2024-05-08,18.675846204683992,7.152152767310563,12.668875504415336
2024-05-09,14.720126830195788,6.421193329534,9.502955190814626
2024-05-10,19.29618622547777,7.419290172226681,9.635428301485664
2024-05-13,28.389831824724315,10.251074780833855,17.59834479775772
2024-05-16,25.683885693315833,10.70563261397786,16.56081103389699
2024-05-17,27.496403475837795,13.799698291146562,16.06588698945042
2024-05-20,29.63189874793185,20.429866532641245,33.074529539371596
2024-05-21,42.0057341344884,21.79921973893135,28.244433141173143
2024-05-22,37.90856519022754,20.053858370721972,47.924744710558805
2024-05-23,29.926362882219067,16.890804168810824,41.9312106281942
2024-05-24,30.85207641146112,20.71869306029912,35.251467305136124
2024-05-28,24.028506111222274,17.176260237043998,27.614156025557563
2024-05-29,17.411726342659268,14.355334620591107,22.092757554585514
2024-05-30,14.64025213228418,11.97522929448361,19.6114584476493
2024-05-31,13.10599912935441,10.083380940461437,15.262979369757367
2024-06-03,11.632189528845846,8.613857800943018,12.601535657975486
2024-06-04,12.752252773163429,8.140856375049792,10.523658496315358
2024-06-05,10.945115906615804,7.122081604197733,10.889141551840943
2024-06-06,10.265782526026852,7.1437732369901115,8.280207973456692
2024-06-07,11.643064606410416,7.8209427060381245,7.878684138274821
2024-06-10,14.798758651663706,7.207615346005219,10.392949016651265
2024-06-11,13.60252888159932,6.415882740643595,8.339095110255247
2024-06-12,12.870676269615261,6.321153220957411,9.395649562297699
2024-06-13,13.026624012348488,7.10833905874684,12.103443147580311
2024-06-14,11.644632226565385,6.5225749385385186,11.481161469105412
2024-06-17,11.880062997212706,7.147057022060216,9.366711826566508
2024-06-20,9.757949873246117,8.532228062963394,7.375733498064297
2024-06-21,7.473118443702611,7.463177370974236,7.704700517389321
2024-06-24,5.997598939309032,6.6168637065849145,10.64630147348594
2024-06-25,6.043605604106944,6.071804975851239,9.994119207987762
2024-06-26,5.937954788212093,6.154958061997493,9.009302486698855
2024-06-27,9.740909501845993,8.426506297010073,11.110246174615629
2024-06-28,8.390761044126966,7.452804103740737,9.684888895663638
2024-07-01,7.790763064855856,6.582602806263421,8.696046641246014
2024-07-02,6.138745082741194,5.944696275302055,8.99693989700352
2024-07-03,5.263432774071726,5.829788467246281,8.107433508662588
2024-07-04,6.07985590099046,5.3927698570848355,6.259111119978481
2024-07-05,5.394594366962231,5.083447417084249,7.847389411009208
2024-07-08,5.456448075642137,4.884968317503095,6.1903393286724375
2024-07-09,6.726429251610812,4.740293108467977,4.886123885184407
2024-07-10,6.892847159974259,4.663586540038991,8.469769940880784
2024-07-11,6.087675783663216,4.661087339763267,6.876197382707438
2024-07-12,5.649499151649816,5.5652729770641125,5.857790343727437
2024-07-15,9.284293715866323,6.6125361287960445,7.325442952786326
2024-07-18,9.88388935012661,6.213050338650608,6.934145358916087
2024-07-19,10.639564468018651,8.868776835857247,8.777237024896943
2024-07-22,10.490942012142956,9.094300437167576,6.767894563378883
2024-07-23,10.71865783514402,14.93752731357658,6.763138561418771
2024-07-24,11.026188822246212,14.343566660288648,8.479878363488568
2024-07-25,10.11438587870647,12.107620169017773,10.945706121980344
2024-07-26,9.450651631887025,10.505976949590051,9.82068058232126
2024-07-29,13.557235366145509,8.917864772143474,10.907771424975014
2024-07-30,11.518746931538809,8.125483780024318,12.784800884817558
2024-07-31,13.633450573417232,7.104915602038196,11.722941589549757
2024-08-01,14.049808104029106,9.899255933919601,12.627678868965424
2024-08-02,13.840265815262374,8.70733123133823,13.712624488237763
2024-08-05,12.69408979772471,13.308283125617661,12.333229379407927
2024-08-06,10.64886157046335,11.721614825404657,13.888615847598075
2024-08-07,9.76342213542637,9.883915770918978,10.824322116125138
2024-08-08,8.797007869679968,8.629399798642089,8.720170924577053
2024-08-09,7.776847623139571,8.142694582414933,10.287930211362994
2024-08-12,7.6767837101773875,8.111827393769742,11.499855948885875
2024-08-13,6.974702403802719,7.858763907679105,13.21569813694002
2024-08-14,14.358376658431625,7.9866720424809,15.359083507686348
2024-08-15,14.071521921931037,8.97845643381001,14.506230684941727
2024-08-16,13.215987831737326,7.965892794146798,12.390560363633607
2024-08-19,12.97039840367956,7.327714956342316,29.837627671062304
2024-08-22,11.38210837099788,7.25102624915385,24.895760071250255
2024-08-23,10.369971345948274,6.645361255480605,18.463055490831522
2024-08-27,9.41764957692546,7.629796176921784,15.886636420753055
2024-08-28,8.512871541921177,6.716180398928913,12.687577608131143
2024-08-29,6.64161465282147,6.443743347785585,15.784419835816188
2024-08-30,7.29793991658556,7.325368197659589,14.816280890610837
2024-09-02,6.684733124098729,6.487560916719991,14.030750965411935
2024-09-03,5.176548361259456,5.957258914522292,11.958597000968794
2024-09-04,8.888352058550565,7.245678354678328,12.111117205414917
2024-09-05,9.190667302011724,6.7514632717977285,9.72285660404495
2024-09-06,11.54442281107617,7.86780909873759,10.75803910133864
2024-09-09,13.568575596158428,6.90712754028114,9.856002175963287
2024-09-10,10.773018617787688,6.187410462716283,7.4984371597334425
2024-09-11,8.839534755616784,5.649886182121818,6.228869977753261
2024-09-12,8.764624957172298,6.186435255729045,5.210904332925412
2024-09-13,8.587402821035113,6.246133139021753,7.525924451317673
2024-09-16,6.762386374201485,6.67106243945087,8.146531456393307
2024-09-19,5.488363239149285,6.002494787529933,12.634160615170984
2024-09-20,5.2741801273912765,5.847937921653399,10.925949626223469
2024-09-23,4.451947654081917,5.472688025500977,15.509403988507515
2024-09-24,4.624953387466578,5.162402999640451,12.685307670661205
2024-09-25,6.7888257407450965,6.536614068469952,13.280393933042582
2024-09-26,9.219978950767693,6.033350891213796,14.12103519655065
2024-09-27,7.0097211966415065,5.558985063376929,11.246857861222237
2024-09-30,5.870103666918316,5.19988770105888,8.67622149636389
2024-10-01,5.508102065308941,5.028582929790617,8.614104268004047
2024-10-02,4.616168440503112,5.583351354225672,9.909146494696333
2024-10-03,3.739627591478234,5.401297936414601,9.313770932936844
2024-10-04,4.432480527473339,5.1003557304004215,16.808041172803993
2024-10-07,5.16826894976281,5.725457367457925,12.92290291964692
2024-10-08,4.8131601951634435,5.462175300043635,9.673194487607047
2024-10-09,7.604001157664971,6.738499105101639,9.599179015345294
2024-10-10,7.661322520352137,6.736165976975204,8.872228274843666
2024-10-11,6.4417431436811246,6.078750501726256,9.582676935339352
2024-10-14,5.129582193253215,7.299479649183901,8.035792674532175
2024-10-17,35.44402733151002,7.945939507546542,8.41550243870403
2024-10-18,28.125413360443588,8.467946713539005,6.546384238003234
2024-10-21,23.24370684332538,15.311781206534134,8.324492655318938
2024-10-22,18.345730459383518,12.837532023217424,7.148935789699169
2024-10-23,14.637449032769231,10.880243806844693,5.7015064921645475
2024-10-24,12.530948833060313,9.712229986836165,5.627971063021319
2024-10-25,10.553657181388424,9.184184850028318,4.517517171620746
2024-10-28,9.941227787101846,8.521044023964478,3.943265895108072
2024-10-29,8.833688921554003,7.426023168175593,4.174239617574463
2024-10-30,9.22685939378904,6.641594510126993,3.528674191908333
2024-10-31,8.903638099855538,7.974071770485496,5.089959288315112
2024-11-01,7.129928354863038,7.7908608848181835,5.390989810868219
2024-11-04,8.044721986600505,8.267344845159945,6.453064697748723
2024-11-05,7.501174666404129,8.245298537581673,8.199893921389785
2024-11-06,7.766631780145956,7.427243295697371,11.439399493998046
2024-11-07,9.21162834185965,6.625400155847687,9.878518758782453
2024-11-08,8.16779319634969,6.268678971897618,8.960572241735388
2024-11-11,7.023177905474264,5.758960884615234,7.150379726130645
2024-11-12,6.857679816783013,5.435751095422672,6.648836682967964
2024-11-13,7.794291927284928,5.77226289669031,8.299716707930486
2024-11-14,10.803064581039973,5.351077715133573,7.432479958050899
2024-11-15,10.903674957717506,7.222494268197307,9.80952210921804
2024-11-18,9.995725695731762,9.659918153221708,10.234515239387182
2024-11-21,20.887280720006856,8.26181271403466,9.034661097347028
2024-11-22,16.614735736482196,7.203305324005793,7.3744887944779585
2024-11-25,12.905415317690204,7.263769349643878,6.040149970823658
2024-11-26,11.485590453185537,7.826465308154091,4.826702956954455
2024-11-27,10.685230510781677,8.049748814727886,10.465594316601054
2024-11-28,8.484546805459424,7.184724731373959,8.653321798155025
2024-11-29,6.662997568537371,6.381275517504733,8.825974534948914
2024-12-02,5.417359910517409,5.8482160789816025,9.102885526137419
2024-12-03,7.0282766729107315,5.944290622765166,6.961809457301945
2024-12-04,18.388954480310968,9.775448277715237,8.532460831483185
2024-12-05,14.027570143828413,8.372770130308172,8.72211168199675
2024-12-06,10.633911370791065,7.337124077616937,7.293631788175768
2024-12-09,10.138671856473925,7.076120109893441,9.722320080147522
2024-12-10,9.561686796260084,6.828346001292816,8.13516132863097
2024-12-11,8.920879966006314,6.146300027457004,9.147151421845567
2024-12-12,8.594631292116304,5.628425615476325,6.982688746919406
2024-12-13,8.786272086328465,5.25324894266473,6.931488422075747
2024-12-16,10.791375190892255,9.380463725000443,10.128279892302443
2024-12-19,9.767880389098261,8.054095755400706,8.32637438213291
2024-12-20,9.400014854395645,7.717586088621403,6.812580834224348
2024-12-23,9.61895014738206,8.587435452927204,5.549380702548851
2024-12-24,7.420150526912194,7.457830184800933,4.602434257999203
2024-12-27,7.18445394596254,7.120948970267078,7.982280657612249
2024-12-30,6.277067012788912,6.459310693140076,6.3654550529248315
2024-12-31,6.9327797145687855,5.8492127619143055,5.903838838021184
2025-01-02,7.17096960985836,5.462864864679137,8.150075509769492
2025-01-03,9.426745882151208,6.327625846270405,7.235712537040726
2025-01-06,7.559529724128217,6.788644131711647,8.390601111001988
2025-01-07,5.845057683186884,6.135717533695067,6.928231076881258
2025-01-08,5.0340763505894905,5.614876794621933,5.5528947520281235
2025-01-09,4.638445923459686,5.429632459854838,7.104295877984578
2025-01-10,5.791469824967268,7.512410577732438,8.260190065208791
2025-01-13,10.639300364826866,8.881905417371014,14.43084283991857
2025-01-16,22.83519037400595,7.750548453769657,13.251907927842476
2025-01-17,17.53955418518413,8.446137432299363,13.206637474025754
2025-01-20,13.804322683834009,7.331566997737564,10.567127124615723
2025-01-21,11.27983766585607,6.511129387335199,10.888845223371803
2025-01-22,9.295453935367354,5.893885368087571,10.603912287159165
2025-01-23,7.819373653034399,5.462659186508412,9.657592879587707
2025-01-24,6.363032271508,5.132621023712659,8.953957646982149
2025-01-27,5.3773468452783915,4.903321710958717,8.400344397639804
2025-01-28,5.649137909907454,4.748196533979664,6.925567621797348
2025-01-29,5.504361581958216,4.6443762661645875,7.3949879307236355
2025-01-30,6.082308389793806,4.977853064358866,6.187489101417825
2025-01-31,5.816889333865515,5.323262938621866,5.047504861697591
2025-02-03,5.14688388801912,5.167856545865008,5.40733867126906
2025-02-04,5.712445842830607,5.4130378307300155,4.405583192595244
2025-02-05,4.666053614205936,5.500056336559441,3.961474337473737
2025-02-06,4.540962855640036,5.172207834585569,3.4467617162498536
2025-02-07,4.194666729531433,4.931160208001734,3.3599016901738015
2025-02-10,5.99761152848919,4.763237920676735,3.520022437247017
2025-02-11,7.732193138884579,6.623538391228868,4.4641250542491155
2025-02-12,8.421352479928725,5.986155446783933,4.458500199964608
2025-02-13,17.62044548178449,7.548584180628395,9.064490385972368
2025-02-17,629.7081596255522,32.04252908822574,30.614824183542765
2025-02-21,452.588938602385,54.45884974307073,3710.0611487820115
2025-02-24,345.71620989810646,49.73430157795523,2326.8206616108914
2025-02-25,1006.2827804372249,129.32466211427231,
2025-02-26,637.8776454455406,393.19731955196244,1561.1610083089618
2025-02-27,1575.121628461248,326.14505157205843,1016.9197235848624
2025-02-28,928.6460194704925,265.4709516615607,734.2267296898268
2025-03-03,572.6981420316313,216.7308538874835,594.254123748382
2025-03-04,383.9666955685975,176.18410929883456,398.69664356953285
2025-03-05,303.4955933373348,151.44600865879585,320.23918023732574
2025-03-06,298.4962923326263,253.81667046859076,275.923635582757
2025-03-07,195.30457846736755,206.9475569619046,249.0241281152537
2025-03-11,181.04594737651996,325.6096172050141,147.29358361254
2025-03-12,151.17005451687913,264.6407015605673,
2025-03-13,108.0084494305374,,114.85023319169002
2025-03-14,86.35265010871383,221.08848810873818,
2025-03-17,72.03103935379991,180.05811891450307,118.13065412253135
2025-03-20,65.03056636691375,146.3857897675813,86.70287385748372
2025-03-21,106.06689416736344,124.43779632241021,76.2870606526734
2025-03-24,70.95554071991121,112.45581518990433,
2025-03-25,56.457925123159754,91.51550316343389,67.76420875929642
2025-03-26,93.31844365157565,,67.60836549836108
2025-03-27,274.3380288963992,109.11589440259966,89.15513624629699
2025-03-28,197.72762291819345,88.9146844908104,
2025-03-31,135.3499243297838,72.30453177527563,105.87881539648929
2025-04-01,92.18456092522358,58.94721039379747,183.63732944976536
2025-04-02,72.02141369366119,49.545250713099456,140.81177272408732
2025-04-03,56.41351242363005,40.440103502711125,113.63638865182382
2025-04-04,45.80683711433053,33.09490217316359,103.18613552013123
2025-04-07,62.19098620830064,28.417529759628998,91.21622721711927
2025-04-08,74.02346063208896,26.795622161658013,94.26093017213196
2025-04-09,53.58482786006249,36.19473557545013,82.06025943869263
2025-04-10,47.820302605407136,29.83974588176609,115.48740003998151
2025-04-11,173.58133813672833,129.92905112397034,257.4691882774091
2025-04-14,1382.7575294062258,105.63215437439982,202.71661416476604
2025-04-17,906.3005342350627,153.97206146216908,171.99787088358076
2025-04-22,553.7424513938071,134.64140758632914,
2025-04-23,418.0615507566108,111.60472755812262,135.9037163834999
2025-04-25,309.1190948043903,74.59098232169153,99.89832931221264
2025-04-29,250.25685482260138,51.33075344376899,92.93800768316117
2025-04-30,209.36520941992484,70.46134557301176,91.73386429505513
2025-05-01,598.7019081434148,57.4661351317713,75.99015297721186
2025-05-02,1749.6646265201557,48.23431845991921,107.27777213245533
2025-05-06,1015.9911810530558,49.00872145322297,80.83817559076488
2025-05-07,607.584438873673,40.02652675790598,60.8855549422697
2025-05-08,374.2128689625813,35.634154609799516,47.54404814052639
2025-05-09,277.87145118418215,29.79526485321254,43.43475360608981
2025-05-12,181.2234463677594,24.942867808170305,31.349859869611006
2025-05-13,151.69108128008617,29.08613412827979,37.82461235021017
2025-05-14,194.42179735825337,23.90094641138679,39.01567303062607
2025-05-15,185.80860703189256,25.414820971801948,30.331786945123415
2025-05-16,254.05055710241896,24.12352011846642,27.89983291322684
2025-05-19,301.5084096374514,20.09278484176646,21.1642316632703
2025-05-22,281.19527055728713,23.789320207467313,16.99076072069228
2025-05-23,194.58125118478102,25.1192733424535,13.596156920293875
2025-05-27,185.9576825889045,22.109828820478924,15.181399161009779
2025-05-28,129.72440611149412,18.187939599331052,13.069199331464306
2025-05-29,92.69309530850629,15.862006565192038,10.85646180906101
2025-05-30,67.16655445285112,14.036362423719671,12.971650452835567
2025-06-02,49.23398182636077,11.718976183952632,12.21928372327706
2025-06-03,36.59960071015604,10.002313437019007,11.056810674115077
2025-06-04,32.156068323852736,11.37458855047972,9.73540702420712
2025-06-05,30.31939685416906,16.09677975083538,11.01490019268019
2025-06-06,161.93523262366747,14.510543882164573,45.53063946275592
2025-06-09,110.08898236736155,30.321547248556374,40.145669336459285
2025-06-10,108.53737855472762,25.085204287507477,33.52313265132829
2025-06-11,81.40264455688742,20.562664346604485,25.18426492824482
2025-06-12,75.84637434576653,28.513400055378852,30.93627450136206
2025-06-13,82.6426288625894,24.023657068977545,34.68844262759918
2025-06-16,66.13457645988002,20.117575797441496,26.652927353905998
2025-06-19,78.5379558642329,16.550574480037756,19.97515239758285
2025-06-20,84.77206941604786,17.435735975845667,21.295424307708863
2025-06-23,74.41180397553168,14.836155965801911,29.03685981199129
2025-06-24,65.3692872658795,12.532743262852481,23.14320013589356
2025-06-25,59.768421332572714,17.25946366882142,21.662996838871678
2025-06-26,43.37771897246335,14.503923494419034,23.205848403244087
2025-06-27,76.96829181250651,12.632845507245118,29.570083924443434
2025-06-30,55.8962117977238,14.544625583606603,29.72157757389547
2025-07-01,41.12321354948196,13.507385945403634,24.426190879972587
2025-07-02,35.73851070913795,25.324453898737115,24.12034319936482
2025-07-03,31.312225236856534,23.583009924500598,23.149076852150753
2025-07-04,23.651547472752863,20.70737138138189,22.270749895998964
