trade_date,M1_M2_spread_change,M2_M3_spread_change,M3_M4_spread_change
2020-07-07,-1.375,6.0,-0.43333333333333335
2020-07-08,-1.0,0.1428571428571428,0.05882352941176472
2020-07-09,inf,-0.1750000000001819,-0.2777777777777778
2020-07-10,3.0,-1.636363636363887,0.5384615384615385
2020-07-13,1.0,1.857142857142362,-0.09999999999999998
2020-07-15,-0.75,-2.5,-11.0
2020-07-16,2.25,-4.333333333333334,1.0
2020-07-17,0.3846153846153846,0.6000000000000001,-0.09999999999999998
2020-07-20,-0.11111111111111116,-0.3125,-0.33333333333333337
2020-07-21,-0.012500000000045475,-0.18181818181818177,0.25
2020-07-22,0.26582278481018484,0.11111111111111116,0.2666666666666666
2020-07-23,0.30000000000000004,0.5,0.368421052631579
2020-07-24,-0.15384615384615385,-0.4666666666666667,-0.15384615384615385
2020-07-27,-0.5454545454545454,-1.25,-0.7272727272727273
2020-07-28,0.6000000000000001,-3.0,1.1666666666666665
2020-07-29,0.0,-0.5,-0.3076923076923077
2020-07-30,0.75,1.0,0.11111111111111116
2020-07-31,0.03571428571428581,0.0,0.0
2020-08-03,0.034482758620689724,0.75,-0.4
2020-08-04,-0.33333333333333337,-0.7142857142857143,-1.3333333333333333
2020-08-05,0.30000000000000004,3.5,0.5
2020-08-06,-0.3076923076923077,-0.4444444444444444,1.3333333333333335
2020-08-07,0.22222222222222232,-1.2,0.4285714285714286
2020-08-10,-0.31818181818181823,0.0,-0.19999999999999996
2020-08-11,-0.33333333333333337,3.0,0.25
2020-08-12,1.2000000000000002,-0.5,-0.19999999999999996
2020-08-13,0.36363636363636354,-1.0,-0.375
2020-08-14,0.33333333333333326,inf,-0.6
2020-08-17,-0.4,-0.25,2.0
2020-08-19,-0.45833333333333337,-0.6666666666666667,4.5
2020-08-20,0.07692307692307687,0.75,-0.07272727272720658
2020-08-21,0.0714285714285714,0.1428571428571428,0.17647058823521022
2020-08-24,-0.2666666666666667,-0.375,-0.5833333333333333
2020-08-25,0.2727272727272727,-0.19999999999999996,-0.19999999999999996
2020-08-26,0.9285714285714286,1.0,1.25
2020-08-27,0.11111111111111116,0.0,0.22222222222222232
2020-08-28,0.2666666666666666,0.125,0.2727272727272727
2020-09-01,-0.1842105263157895,0.33333333333333326,-0.2857142857142857
2020-09-02,-0.12903225806451613,-0.33333333333333337,-1.0
2020-09-03,0.11111111111111116,0.0,inf
2020-09-04,0.19999999999999996,1.0,1.4
2020-09-07,0.11111111111111116,0.1875,0.16666666666666674
2020-09-08,0.19999999999999996,-0.21052631578947367,-0.1428571428571429
2020-09-09,-0.04166666666666663,0.1333333333333333,0.0
2020-09-10,0.0,0.0,0.0
2020-09-11,0.9130434782608696,0.3529411764705883,0.41666666666666674
2020-09-14,-0.5,-0.13043478260869568,-0.17647058823529416
2020-09-16,-0.3954545454545785,-0.09523809523809523,0.19999999999999996
2020-09-17,0.20300751879705836,0.21052631578947367,0.0
2020-09-18,0.1875,0.21739130434782616,0.2777777777777777
2020-09-21,-0.10526315789473684,-0.0714285714285714,-0.17391304347826086
2020-09-22,0.11764705882352944,0.07692307692307687,0.05263157894736836
2020-09-23,-0.42105263157894735,-0.3071428571428052,-0.6
2020-09-24,-0.6363636363636364,-0.4845360824742655,-0.25
2020-09-25,-1.25,-0.8,-1.1666666666666667
2020-09-28,7.0,-3.5,7.0
2020-09-29,-0.75,-2.0,-0.75
2020-09-30,-1.5,-0.4,-2.0
2020-10-01,-5.0,-2.333333333333333,-6.0
2020-10-02,-0.75,-1.5,-1.4
2020-10-05,5.0,-4.0,-4.0
2020-10-06,0.8333333333333333,0.5,0.5
2020-10-07,-0.09090909090909094,-0.11111111111111116,-0.2222222222222222
2020-10-08,-0.5,-1.0,-0.7142857142857143
2020-10-09,-1.8,inf,-3.75
2020-10-12,-3.375,-3.0,-0.7272727272727273
2020-10-13,0.0,0.25,-1.6666666666666665
2020-10-14,0.26315789473684204,0.3999999999999999,4.0
2020-10-15,0.16666666666666674,-0.2857142857142857,-0.6
2020-10-16,0.7142857142857142,0.19999999999999996,0.75
2020-10-19,0.08333333333333326,0.41666666666666674,1.0
2020-10-21,-0.7692307692307692,-0.47058823529411764,-1.4545454545454546
2020-10-22,0.16666666666666674,0.7777777777777777,-1.2
2020-10-23,0.0714285714285714,0.0625,3.0
2020-10-26,0.1333333333333333,0.11764705882352944,1.5
2020-10-27,0.05882352941176472,-0.1578947368421053,0.0
2020-10-28,-0.11111111111111116,-0.1875,0.3999999999999999
2020-10-29,-0.5,-0.07692307692307687,0.0
2020-10-30,-0.5,0.0,0.0714285714285714
2020-11-02,1.0,-0.33333333333333337,-0.1333333333333333
2020-11-03,0.375,0.0,0.0
2020-11-04,0.2727272727272727,-0.125,0.15384615384615374
2020-11-05,0.1428571428571428,0.4285714285714286,0.1333333333333333
2020-11-06,0.125,0.5,0.05882352941176472
2020-11-09,0.0,0.19999999999999996,-0.2222222222222222
2020-11-10,0.7222222222222223,0.2777777777777777,0.2142857142857142
2020-11-11,-0.032258064516129004,-0.08695652173913049,-0.05882352941176472
2020-11-12,0.19999999999999996,-0.04761904761904767,-0.1875
2020-11-13,-0.05555555555555558,-0.19999999999999996,0.07692307692307687
2020-11-16,0.05882352941176472,-0.25,-0.0714285714285714
2020-11-18,-0.5,0.0,-0.11764705882352944
2020-11-19,0.0,0.0,0.0
2020-11-20,0.05555555555555558,-0.05882352941176472,-0.2666666666666667
2020-11-23,0.05263157894736836,0.0,0.4545454545454546
2020-11-24,0.10000000000000009,-0.125,-0.125
2020-11-25,0.2727272727272727,0.0714285714285714,0.2142857142857142
2020-11-26,-0.0357142857142857,-0.1333333333333333,-0.2941176470588235
2020-11-27,-0.18518518518518523,-0.15384615384615385,-0.33333333333333337
2020-11-30,-0.09090909090909094,0.18181818181818188,0.0
2020-12-01,-0.09999999999999998,-0.07692307692307687,0.0
2020-12-02,-0.38888888888888884,-0.08333333333333337,0.0
2020-12-03,-0.6363636363636364,-0.18181818181818177,0.0
2020-12-04,1.0,0.6666666666666667,0.125
2020-12-07,1.25,0.46666666666666656,0.4444444444444444
2020-12-08,0.6666666666666667,0.18181818181818188,0.3846153846153846
2020-12-09,-0.19999999999999996,-0.038461538461538436,-0.16666666666666663
2020-12-10,0.33333333333333326,-0.16000000000000003,-0.2666666666666667
2020-12-11,0.0625,-0.04761904761904767,0.18181818181818188
2020-12-14,0.47058823529411775,0.0,0.23076923076923084
2020-12-16,-0.7,0.0714285714285714,-1.0769230769230769
2020-12-17,-0.06666666666666665,0.1333333333333333,1.0
2020-12-18,-0.0714285714285714,-0.17647058823529416,1.0
2020-12-21,0.15384615384615374,0.2571428571427532,-1.550000000000182
2020-12-22,0.33333333333333326,0.07954545454554385,-0.18181818181878318
2020-12-23,-0.09999999999999998,-0.3157894736842105,-1.0
2020-12-24,0.0,0.0,-inf
2020-12-29,-0.43333333333329294,-0.23076923076923073,-0.5
2020-12-30,0.07843137254894272,0.5,5.0
2020-12-31,0.4545454545454546,0.33333333333333326,0.33333333333333326
2021-01-04,0.0625,-0.15000000000000002,0.375
2021-01-05,-0.5294117647058824,-0.4117647058823529,-0.6363636363636364
2021-01-06,0.0,0.0,0.0
2021-01-07,0.875,0.5,1.5
2021-01-08,0.0,0.0,-0.09999999999999998
2021-01-11,0.7333333333333334,-0.19999999999999996,0.0
2021-01-12,0.0,-0.33333333333333337,-1.2222222222222223
2021-01-13,0.1923076923076923,0.5,-0.5
2021-01-14,-0.032258064516129004,-0.6666666666666667,8.0
2021-01-15,0.16666666666666674,0.5,-0.7777777777777778
2021-01-18,-0.6571428571428571,-1.0,1.0
2021-01-20,-1.6666666666666665,0.19999999999999996,0.30000000000000004
2021-01-21,-0.75,-0.8333333333333334,-0.23076923076923073
2021-01-22,0.5,2.0,0.0
2021-01-25,-0.6666666666666667,-0.33333333333333337,-0.4
2021-01-26,-1.0,1.0,-0.16666666666666663
2021-01-27,-inf,-0.75,-0.6
2021-01-28,-7.799999999999272,13.0,3.0
2021-01-29,-0.1911764705881488,-0.3571428571428571,-0.25
2021-02-01,-0.09090909090909094,-0.7555555555554747,-0.16666666666666663
2021-02-02,0.7,3.090909090907738,0.19999999999999996
2021-02-03,0.23529411764705888,0.22222222222222232,0.5
2021-02-04,-0.8095238095238095,-0.4545454545454546,-0.2222222222222222
2021-02-05,3.5,1.0,1.4285714285714284
2021-02-08,-0.4444444444444444,0.5,0.17647058823529416
2021-02-09,0.0,0.0,-0.15000000000000002
2021-02-10,-0.8,-0.38888888888888884,-0.2941176470588235
2021-02-11,5.0,0.2727272727272727,-0.16666666666666663
2021-02-12,1.3333333333333335,1.4285714285714284,1.2000000000000002
2021-02-15,1.1428571428571428,0.0,0.2727272727272727
2021-02-17,-0.6333333333333333,-0.34615384615384615,0.5
2021-02-18,0.0,0.23529411764705888,0.06666666666666665
2021-02-19,0.4545454545454546,0.19047619047619047,0.3125
2021-02-22,-0.3125,-0.28,-0.16666666666666663
2021-02-23,0.0,-0.11111111111111116,-0.1428571428571429
2021-02-24,0.4545454545454546,0.5,0.1333333333333333
2021-02-25,-0.0625,-0.16666666666666663,0.0
2021-02-26,0.19999999999999996,-0.15000000000000002,-0.2941176470588235
2021-03-01,0.22222222222222232,0.17647058823529416,-0.16666666666666663
2021-03-02,0.18181818181818188,0.6000000000000001,0.44999999999999996
2021-03-03,-0.15384615384615385,-0.25,-0.3448275862068966
2021-03-04,-0.09090909090909094,0.0,-0.052631578947368474
2021-03-05,-0.05499999999992722,-0.16666666666666663,0.0
2021-03-08,0.03174603174595236,0.25,0.4444444444444444
2021-03-09,-0.07692307692307687,-0.040000000000000036,-0.07692307692307687
2021-03-10,-0.05555555555555558,-0.125,-0.16666666666666663
2021-03-11,-0.4117647058823529,-0.19047619047619047,-0.050000000000000044
2021-03-12,1.0,0.41176470588235303,0.368421052631579
2021-03-15,-0.30000000000000004,0.125,0.1923076923076923
2021-03-17,-0.25,0.3125,1.0625
2021-03-18,0.23809523809523814,0.1428571428571428,0.1212121212121211
2021-03-19,0.15384615384615374,0.125,0.027027027027026973
2021-03-22,-0.2666666666666667,-0.18518518518518523,-0.1842105263157895
2021-03-23,-0.2727272727272727,-0.2272727272727273,-0.29032258064516125
2021-03-24,-0.375,-0.5294117647058824,-0.18181818181818177
2021-03-25,0.8,0.625,0.2777777777777777
2021-03-26,0.0,0.0,0.0
2021-03-29,-0.2777777777777778,-0.23076923076923073,-0.13043478260869568
2021-03-30,-0.23076923076923073,-0.4,-0.4
2021-03-31,0.6000000000000001,-0.16666666666666663,0.08333333333333326
2021-04-01,0.125,0.8,0.15384615384615374
2021-04-06,0.2777777777777777,0.4444444444444444,0.33333333333333326
2021-04-07,-0.21739130434782605,-0.23076923076923073,-0.4
2021-04-08,0.22222222222222232,0.0,0.0
2021-04-09,-0.13636363636363635,-0.19999999999999996,-0.25
2021-04-12,-0.368421052631579,-1.0,-0.11111111111111116
2021-04-13,-0.33333333333333337,inf,-0.375
2021-04-14,1.0,2.5,0.8
2021-04-15,0.1875,1.1428571428571428,0.5555555555555556
2021-04-16,0.6842105263157894,-0.1333333333333333,0.1428571428571428
2021-04-19,-0.5625,-0.3846153846153846,0.0
2021-04-21,0.1428571428571428,0.6000000000000001,0.6363636363636365
2021-04-22,0.0625,-0.1875,-0.11111111111111116
2021-04-23,0.11764705882352944,0.0,0.125
2021-04-26,-0.21052631578947367,-0.15384615384615385,0.05555555555555558
2021-04-27,-0.4666666666666667,-0.4545454545454546,-0.368421052631579
2021-04-28,0.25,0.33333333333333326,0.5833333333333333
2021-04-29,0.5,0.25,-0.21052631578947367
2021-04-30,0.1333333333333333,-0.19999999999999996,-0.2666666666666667
2021-05-04,-0.11764705882352944,-0.125,-0.2727272727272727
2021-05-05,-0.33333333333333337,-0.1428571428571429,-0.25
2021-05-06,0.19999999999999996,0.16666666666666674,1.3333333333333335
2021-05-07,0.0,-0.1428571428571429,-0.2857142857142857
2021-05-10,-0.8333333333333334,-1.5,-0.6
2021-05-11,-13.0,1.6666666666666665,-1.5
2021-05-12,-0.04166666666666663,1.0,0.0
2021-05-13,0.13043478260869557,0.25,5.0
2021-05-14,0.8461538461538463,0.5,1.5
2021-05-17,0.16666666666666674,0.0,-0.1333333333333333
2021-05-19,-0.5,-0.4,-0.52
2021-05-20,0.0,-0.2222222222222222,-0.5
2021-05-21,-0.1428571428571429,-0.2857142857142857,-1.0
2021-05-24,-0.08333333333333337,0.30000000000000004,-inf
2021-05-25,0.045454545454545414,-0.07692307692307687,0.0
2021-05-26,0.08695652173913038,-0.08333333333333337,0.33333333333333326
2021-05-27,0.15999999999999992,0.036363636363768714,0.5
2021-05-28,-0.03448275862068961,-0.473684210526383,0.5
2021-06-01,0.0,0.16666666666666674,-0.16666666666666663
2021-06-02,0.2642857142857662,1.1428571428571428,0.2666666666666666
2021-06-03,0.07344632768357173,0.06666666666666665,0.3157894736842106
2021-06-04,-0.10526315789473684,-0.0625,-0.19999999999999996
2021-06-07,0.17647058823529416,-0.06666666666666665,0.1499999999999999
2021-06-08,0.30000000000000004,0.6428571428571428,0.08695652173913038
2021-06-09,-0.13461538461538458,0.08695652173913038,-0.12
2021-06-10,0.11111111111111116,0.19999999999999996,0.18181818181818188
2021-06-11,0.08000000000000007,0.06666666666666665,0.0
2021-06-14,0.14814814814814814,0.15625,0.26923076923076916
2021-06-16,-0.3870967741935484,-0.25,-0.3870967741935484
2021-06-17,-0.052631578947368474,-0.06666666666666665,-0.052631578947368474
2021-06-18,-0.02777777777777779,-0.0714285714285714,-0.11111111111111116
2021-06-21,-0.02857142857142858,-0.07692307692307687,-0.375
2021-06-22,0.05882352941176472,0.08333333333333326,0.19999999999999996
2021-06-23,0.05555555555555558,0.26923076923076916,0.6666666666666667
2021-06-24,-0.02631578947368418,-0.030303030303030276,-0.30000000000000004
2021-06-25,0.0,-0.125,0.0
2021-06-28,0.0,0.0714285714285714,0.1428571428571428
2021-06-29,-0.18918918918918914,-0.19999999999999996,-0.75
2021-06-30,0.0,0.0,-1.5
2021-07-01,0.2333333333333334,0.5,-8.0
2021-07-02,-0.02918918918923641,-0.05555555555555558,0.5714285714285714
2021-07-05,0.06904231625844437,0.05882352941176472,0.0
2021-07-06,0.03645833333318027,-0.05555555555555558,0.0
2021-07-07,0.004020100502600821,0.02941176470588225,0.3181818181818181
2021-07-08,0.20120120120122742,0.1428571428571428,0.10206896551721134
2021-07-09,0.08333333333333326,0.050000000000000044,-0.03003754693364058
2021-07-12,-0.07692307692307687,-0.11904761904761907,-0.19354838709677424
2021-07-13,0.125,0.10810810810810811,0.28
2021-07-14,0.03703703703703698,0.11707317073177825,0.15625
2021-07-15,-0.0535714285714286,-0.039301310043729165,-0.1459459459459853
2021-07-16,0.1132075471698113,-0.045454545454545414,0.04430379746840263
2021-07-19,0.016949152542372836,-0.1428571428571429,0.06060606060606055
2021-07-21,-0.3666666666666667,-0.11111111111111116,-0.47058823529411764
2021-07-22,-0.08210526315796363,-0.0625,-0.33333333333333337
2021-07-23,0.0034403669725524555,0.03333333333333344,-0.5
2021-07-26,-0.11428571428571432,-0.29032258064516125,0.33333333333333326
2021-07-27,0.0,0.045454545454545414,0.375
2021-07-28,0.032258064516129004,0.30434782608695654,0.7272727272727273
2021-07-29,0.0625,0.06666666666666665,0.10526315789473695
2021-07-30,0.05882352941176472,0.09375,0.23809523809523814
2021-08-02,0.02777777777777768,0.0,0.0
2021-08-03,-0.05405405405405406,0.05714285714285716,-0.07692307692307687
2021-08-04,0.05714285714285716,-0.027027027027026973,0.0
2021-08-05,-0.05405405405405406,-0.08333333333333337,0.0
2021-08-06,0.02857142857142847,0.21212121212121215,0.16666666666666674
2021-08-09,0.05555555555555558,0.050000000000000044,0.1071428571428572
2021-08-10,-0.02631578947368418,-0.1428571428571429,-0.19354838709677424
2021-08-11,0.08108108108108114,0.11111111111111116,0.1200000000000001
2021-08-12,0.10000000000000009,0.050000000000000044,0.1428571428571428
2021-08-13,-0.13636363636363635,-0.19047619047619047,-0.03125
2021-08-16,-0.4736842105263158,-0.23529411764705888,0.09677419354838701
2021-08-18,0.19999999999999996,-0.14814814814814814,-0.1724137931034483
2021-08-19,-0.7083333333333333,-0.6956521739130435,-0.5833333333333333
2021-08-20,-1.8571428571428572,-1.2857142857142856,-0.4
2021-08-23,4.966666666667152,11.0,-1.6666666666666665
2021-08-24,-0.944134078212295,-1.25,-5.5
2021-08-25,0.0,-1.0,-0.2222222222222222
2021-08-26,4.0,inf,-0.5714285714285714
2021-08-27,-0.30000000000000004,-0.25,0.0
2021-08-31,0.0,-0.33333333333333337,-1.8333333333333335
2021-09-01,-1.7142857142857144,-2.25,-1.6
2021-09-02,1.6,2.2,3.666666666666667
2021-09-03,-0.3076923076923077,-0.25,0.1428571428571428
2021-09-06,-0.33333333333333337,-0.16666666666666663,-0.25
2021-09-07,3.5,1.2999999999999998,0.8333333333333333
2021-09-08,0.33333333333333326,0.0,0.18181818181818188
2021-09-09,-0.19444444444444442,-0.17391304347826086,-0.15384615384615385
2021-09-10,-0.5862068965517242,-0.368421052631579,-0.4545454545454546
2021-09-13,0.41666666666666674,0.0,0.08333333333333326
2021-09-15,0.05882352941176472,0.5833333333333333,-1.3333333333333333
2021-09-16,0.11111111111111116,0.10526315789473695,-0.25
2021-09-17,-0.55,-0.1428571428571429,0.6666666666666667
2021-09-20,-1.844444444444283,-0.5,0.19999999999999996
2021-09-21,-0.21052631578932257,-0.4444444444444444,-0.5
2021-09-22,2.0,-3.0,3.0
2021-09-23,-0.12222222222206058,0.0,0.16666666666666674
2021-09-24,0.012658227847914816,0.3999999999999999,-0.2857142857142857
2021-09-27,0.125,-0.4285714285714286,-0.6
2021-09-28,-0.2222222222222222,-0.25,-2.0
2021-09-29,0.7142857142857142,1.0,-2.0
2021-09-30,-0.45833333333333337,-0.6666666666666667,-1.0
2021-10-01,0.07692307692307687,-0.5,-inf
2021-10-04,0.2857142857142858,-1.0,-1.0
2021-10-06,0.4400000000001456,2.0,inf
2021-10-07,-0.37500000000006317,0.16666666666666674,0.75
2021-10-08,0.8888888888888888,1.2857142857142856,0.0714285714285714
2021-10-11,1.8823529411764706,1.125,0.8666666666666667
2021-10-12,0.4693877551020409,-0.17647058823529416,-0.1428571428571429
2021-10-13,0.9444444444444444,0.7142857142857142,0.75
2021-10-14,1.1142857142857143,-0.08333333333333337,0.5238095238095237
2021-10-15,1.4729729729729728,0.5454545454545454,0.59375
2021-10-18,4.7923497267759565,0.7352941176470589,-0.0980392156862745
2021-10-20,-0.9537735849056603,-0.09848484848484851,-0.28
2021-10-21,0.4285714285714286,0.24369747899159666,0.16666666666666674
2021-10-22,-0.2571428571428571,-0.2432432432432432,-0.1428571428571429
2021-10-25,0.21153846153846145,-0.1071428571428571,-0.375
2021-10-26,0.031746031746031855,0.0,-0.19999999999999996
2021-10-27,-0.15384615384615385,-0.28,-0.19444444444444442
2021-10-28,0.7272727272727273,1.5,1.0689655172413794
2021-10-29,0.7894736842105263,0.22222222222222232,0.03333333333333344
2021-11-01,0.6176470588235294,0.9272727272727272,1.2580645161290325
2021-11-02,-0.4181818181818182,-0.28301886792452835,-0.3142857142857143
2021-11-03,-0.1875,-0.36184210526315785,-0.375
2021-11-04,0.3846153846153846,0.38144329896907214,0.3999999999999999
2021-11-05,-0.05555555555555558,-0.25373134328358204,0.26190476190476186
2021-11-08,0.05882352941176472,0.19999999999999996,0.35849056603773577
2021-11-09,-0.16666666666666663,-0.20833333333333337,-0.36111111111111116
2021-11-10,-0.19999999999999996,-0.06315789473684208,-0.34782608695652173
2021-11-11,-0.08333333333333337,0.12359550561797761,0.3999999999999999
2021-11-12,-0.40909090909090906,0.10000000000000009,-0.2857142857142857
2021-11-15,-1.0769230769230769,-0.49090909090909096,-0.1333333333333333
2021-11-17,-2.8,-0.2222222222222222,-0.16923076923082525
2021-11-18,1.4444444444444446,3.2857142857142856,1.777777777777965
2021-11-19,0.9090909090909092,0.43333333333333335,0.3999999999999999
2021-11-22,0.30952380952380953,-0.06976744186046513,0.0
2021-11-23,0.1454545454545455,-0.35,-0.0714285714285714
2021-11-24,-0.2936507936507936,-0.32692307692307687,-0.33333333333333337
2021-11-25,0.5280898876404494,0.19999999999999996,-0.05769230769230771
2021-11-26,0.25,0.09523809523809534,0.18367346938775508
2021-11-29,-0.2588235294117647,-0.17391304347826086,0.06896551724137923
2021-11-30,-0.2063492063492064,0.10526315789473695,-0.09677419354838712
2021-12-01,-0.4,-0.23809523809523814,0.0
2021-12-02,0.3666666666666667,1.8125,0.5714285714285714
2021-12-03,-0.2682926829268293,-0.28888888888888886,-0.13636363636363635
2021-12-06,-0.5333333333333333,-0.03125,0.10526315789473695
2021-12-07,-0.8571428571428572,-0.6451612903225806,-0.26190476190476186
2021-12-08,-3.0,-0.5454545454545454,-0.33870967741935487
2021-12-09,0.0,0.0,0.07317073170731714
2021-12-10,0.0,-1.0,-0.2272727272727273
2021-12-13,2.5,-inf,-0.4117647058823529
2021-12-15,-2.428571428571429,2.0,1.6666666666666665
2021-12-16,-0.25,0.0,-0.20833333333333337
2021-12-17,0.30000000000000004,0.1333333333333333,0.21052631578947367
2021-12-20,-0.5384615384615384,-0.3529411764705882,-0.19565217391304346
2021-12-21,0.6666666666666667,0.4545454545454546,0.0
2021-12-22,-0.1333333333333333,0.25,0.1351351351351351
2021-12-23,-0.07692307692307687,-0.35,-0.19047619047619047
2021-12-24,0.20833333333333326,0.07692307692307687,0.1470588235294117
2021-12-29,0.4482758620689655,0.3571428571428572,0.17948717948717952
2021-12-30,-0.4285714285714286,-0.368421052631579,-0.13043478260869568
2021-12-31,-0.33333333333333337,-0.33333333333333337,-0.35
2022-01-04,0.0,0.0,0.0
2022-01-05,-0.875,-0.28125,-0.25
2022-01-06,-1.25,0.04347826086956519,-0.23076923076923073
2022-01-07,-21.0,1.1666666666666665,0.46666666666666656
2022-01-10,-1.9,-0.6923076923076923,-0.2727272727272727
2022-01-11,-0.5555555555555556,1.0,0.3125
2022-01-12,0.75,0.0,0.585714285714251
2022-01-13,0.7142857142857142,-0.125,-0.17417417417415615
2022-01-14,0.0,-0.0714285714285714,-0.1454545454545455
2022-01-17,-0.5,0.46153846153846145,0.1063829787234043
2022-01-19,-3.6666666666666665,1.2083333333333335,-0.02714932126690428
2022-01-20,0.125,0.13207547169811318,0.06976744186046502
2022-01-21,0.22222222222222232,0.2666666666666666,0.3913043478260869
2022-01-24,0.0,-0.02631578947368418,-0.09375
2022-01-25,-0.20454545454545459,-0.05405405405405406,0.0
2022-01-26,0.2571428571428571,0.1428571428571428,0.27586206896551735
2022-01-27,0.4545454545454546,0.1875,0.1351351351351351
2022-01-28,0.1875,-0.0736842105263158,-0.11904761904761907
2022-01-31,0.05263157894736836,0.045454545454545414,-0.08108108108108103
2022-02-01,-0.5,-0.17391304347826086,-0.23529411764705888
2022-02-02,-0.17500000000000004,0.21052631578947367,0.23076923076923084
2022-02-03,-0.1515151515151515,-0.06521739130434778,0.0
2022-02-04,0.0714285714285714,-0.2325581395348837,-0.1875
2022-02-07,-0.16666666666666663,0.030303030303030276,0.15384615384615374
2022-02-08,-0.84,0.07352941176470584,0.2333333333333334
2022-02-09,3.5,0.26027397260273966,0.18918918918918926
2022-02-10,0.7777777777777777,0.13043478260869557,0.09090909090909083
2022-02-11,-0.75,-0.34615384615384615,-0.1875
2022-02-14,9.5,0.38235294117647056,0.23076923076923084
2022-02-16,0.0,-0.013513513513513487,-0.050000000000000044
2022-02-17,0.1428571428571428,-0.04109589041095896,0.07894736842105265
2022-02-18,-0.08333333333333337,0.05714285714285716,0.14634146341463405
2022-02-21,0.045454545454545414,0.054054054054053946,-0.021276595744680882
2022-02-22,-0.07608695652173914,-0.02564102564102566,-0.021739130434782594
2022-02-23,-0.10588235294117643,0.026315789473684292,-0.11111111111111116
2022-02-24,0.07894736842105265,0.02564102564102555,0.0
2022-02-25,-0.14634146341463417,-0.025000000000000022,-0.09999999999999998
2022-02-28,-0.4285714285714286,-0.1282051282051282,-0.25
2022-03-01,0.1499999999999999,-0.2647058823529411,-0.03703703703703709
2022-03-02,-0.4130434782608695,0.040000000000000036,0.15384615384615374
2022-03-03,-0.2962962962962963,0.0,0.2333333333333334
2022-03-04,-0.052631578947368474,-0.42307692307692313,-0.05405405405405406
2022-03-07,-3.0,-2.0666666666666664,-0.8857142857142857
2022-03-08,0.7777777777777777,0.375,-3.25
2022-03-09,0.0625,-0.40909090909090906,-1.0
2022-03-10,0.11764705882352944,-0.23076923076923073,inf
2022-03-11,0.1578947368421053,1.0,-1.3333333333333333
2022-03-14,0.36363636363636354,0.050000000000000044,-1.0
2022-03-16,-1.1333333333333333,-1.7777777777777777,inf
2022-03-17,-1.125,-0.5714285714285714,0.0
2022-03-18,-3.0,0.6666666666666667,-0.17647058823529416
2022-03-21,0.0,-0.4,-0.4928571428572468
2022-03-22,-3.0,-1.8333333333333335,-0.5774647887323078
2022-03-23,-1.25,-2.8,0.6666666666666667
2022-03-24,-22.0,-2.666666666666667,-2.0
2022-03-25,-0.23809523809523814,-0.33333333333333337,0.0
2022-03-28,-0.9375,-0.8,-1.0
2022-03-29,-3.0,0.0,inf
2022-03-30,-3.0,1.0,0.5
2022-03-31,0.0,0.5,-1.6666666666666665
2022-04-01,1.25,0.0,0.0
2022-04-04,0.9444444444444444,0.33333333333333326,4.0
2022-04-05,0.02857142857142847,0.75,0.3999999999999999
2022-04-06,0.19444444444444442,0.0,-0.5
2022-04-07,-0.2558139534883721,0.0714285714285714,0.3571428571428572
2022-04-08,0.09375,0.10000000000000009,-0.21052631578947367
2022-04-11,-0.1428571428571429,-0.030303030303030276,0.2666666666666666
2022-04-12,-0.8666666666666667,-0.0625,0.0
2022-04-13,2.0,0.0,0.05263157894736836
2022-04-14,1.0,-0.09999999999999998,-0.050000000000000044
2022-04-20,0.5416666666666667,-0.02941176470588236,-0.5714285714285714
2022-04-21,-0.2702702702702703,-0.21212121212121215,-0.5
2022-04-22,-0.18518518518518523,-0.23076923076923073,0.16666666666666674
2022-04-25,-1.9090909090909092,-0.6,0.11428571428612999
2022-04-26,-0.9,0.25,-0.3589743589745982
2022-04-27,9.0,-1.4,-1.8
2022-04-28,-0.30000000000000004,-3.0,-1.0
2022-04-29,-0.1428571428571429,-0.25,-inf
2022-05-03,-0.33333333333333337,0.6666666666666667,0.5
2022-05-04,-1.0,0.19999999999999996,0.0
2022-05-05,inf,-3.3333333333333335,-4.0
2022-05-06,-1.0357142857142858,-1.0,-0.8888888888888888
2022-05-09,-17.0,inf,1.0
2022-05-10,-0.25,1.3636363636363638,0.75
2022-05-11,1.6666666666666665,0.5384615384615385,0.4285714285714286
2022-05-12,0.0,-0.4,-0.5
2022-05-13,1.125,0.5,0.6000000000000001
2022-05-18,-0.7058823529411764,-0.5294117647058824,-0.22999999999992726
2022-05-19,0.6000000000000001,1.25,0.4285714285712936
2022-05-20,0.25,-0.4444444444444444,-0.09090909090909094
2022-05-23,0.30000000000000004,-0.19999999999999996,0.0
2022-05-24,-0.8076923076923077,-0.9375,-0.55
2022-05-25,-0.4,-3.0,-1.4444444444444444
2022-05-26,0.0,6.0,0.5499999999992724
2022-05-27,0.6666666666666667,-0.2857142857142857,-0.5161290322578374
2022-05-30,-0.19999999999999996,-0.6,2.0
2022-05-31,1.0,-0.5,-0.5555555555555556
2022-06-01,-0.25,-5.0,0.0
2022-06-06,-0.6666666666666667,-0.375,-1.25
2022-06-07,1.25,0.19999999999999996,1.0
2022-06-08,0.6888888888885656,2.0,6.0
2022-06-09,-0.473684210526215,-0.3111111111110303,-0.2714285714287793
2022-06-10,-1.75,-0.9193548387096869,-0.41176470588218506
2022-06-13,3.666666666666667,-4.0,-2.0
2022-06-15,-1.4285714285714286,-1.8333333333333335,0.0
2022-06-16,1.25,1.4,-0.4
2022-06-17,0.03703703703703698,0.16666666666666674,-0.5
2022-06-20,0.7142857142857142,0.6428571428571428,-5.666666666666667
2022-06-21,-0.41666666666666663,-0.5669565217391683,-0.7114285714285091
2022-06-22,0.1428571428571428,-0.5983935742971536,0.9801980198015523
2022-06-23,-0.5,-1.0,-0.625
2022-06-24,0.25,inf,3.0
2022-06-27,-0.19999999999999996,0.75,-0.16666666666666663
2022-06-28,-0.25,-0.38095238095238093,-0.30000000000000004
2022-06-29,0.0,0.23076923076923084,1.2857142857142856
2022-06-30,-0.5,-0.375,-0.375
2022-07-01,-0.33333333333333337,-1.0,-0.5
2022-07-04,-1.0,inf,-0.19999999999999996
2022-07-05,-inf,-3.0,-3.75
2022-07-06,2.0,-0.5,-0.6363636363636364
2022-07-07,-1.0,-6.0,-2.5
2022-07-08,-inf,-1.4,-0.33333333333333337
2022-07-11,-0.19999999999999996,0.75,0.0
2022-07-12,0.875,0.7142857142857142,-2.75
2022-07-13,0.2666666666666666,-0.5,-2.428571428571429
2022-07-14,-0.052631578947368474,-0.6666666666666667,-0.09999999999999998
2022-07-15,0.11111111111111116,3.0,-0.11111111111111116
2022-07-18,0.3500000000000001,0.75,0.25
2022-07-20,-0.5925925925925926,-1.25,inf
2022-07-21,-0.09090909090909094,-0.33333333333333337,-0.4285714285714286
2022-07-22,0.0,-2.0,-0.5
2022-07-25,-0.09999999999999998,-1.75,3.5
2022-07-26,-0.05555555555555558,-0.33333333333333337,-0.33333333333333337
2022-07-27,-0.4117647058823529,2.0,1.0
2022-07-28,-1.8,0.33333333333333326,0.6666666666666667
2022-07-29,1.875,0.625,0.10000000000000009
2022-08-01,-0.4782608695652174,-0.15384615384615385,-0.6818181818181819
2022-08-02,-0.16666666666666663,-0.18181818181818177,0.7142857142857142
2022-08-03,-1.0,-0.2222222222222222,-0.25
2022-08-04,-inf,-1.0,-0.7777777777777778
2022-08-08,1.25,inf,2.125
2022-08-09,0.33333333333333326,0.5,-0.040000000000000036
2022-08-10,0.08333333333333326,-0.16666666666666663,-0.08333333333333337
2022-08-11,0.3846153846153846,-0.8,-0.13636363636363635
2022-08-12,-0.16666666666666663,-0.5,-0.10526315789473684
2022-08-15,0.30000000000000004,0.0,-0.2941176470588235
2022-08-17,-1.205128205128205,17.0,-0.19999999999999996
2022-08-18,1.25,1.0,1.0833333333333335
2022-08-19,0.33333333333333326,0.33333333333333326,0.6399999999999999
2022-08-22,1.75,0.75,0.7560975609756098
2022-08-23,0.1212121212121211,-0.0714285714285714,-0.04166666666666663
2022-08-24,-0.5135135135135135,-0.3205128205128205,-0.3623188405797102
2022-08-25,0.5555555555555556,0.28301886792452824,0.2727272727272727
2022-08-26,-0.2142857142857143,-0.014705882352941124,-0.1785714285714286
2022-08-30,-0.09090909090909094,-0.16417910447761197,-0.13043478260869568
2022-08-31,0.44999999999999996,0.7857142857142858,0.3500000000000001
2022-09-01,0.1206896551724137,0.15999999999999992,0.3148148148148149
2022-09-02,0.10769230769230775,0.10344827586206895,0.12676056338028174
2022-09-05,0.16666666666666674,0.359375,0.19999999999999996
2022-09-06,-0.1428571428571429,-0.10344827586206895,-0.08333333333333337
2022-09-07,0.3055555555555556,0.08974358974358965,0.045454545454545414
2022-09-08,1.0425531914893615,0.15294117647058814,0.21739130434782616
2022-09-09,-0.3125,-0.4285714285714286,-0.125
2022-09-12,0.9696969696969697,0.5714285714285714,0.4285714285714286
2022-09-13,0.0923076923076922,-0.045454545454545414,-0.09999999999999998
2022-09-14,-0.3661971830985915,-0.13095238095238093,-0.17460317460317465
2022-09-15,0.15555555555555545,0.3013698630136987,0.25
2022-09-16,-0.2692307692307693,-0.052631578947368474,0.1384615384615384
2022-09-19,-0.736842105263158,-0.1333333333333333,-0.1216216216216216
2022-09-21,2.3,-0.02857142857142858,-0.4571428571428572
2022-09-22,-0.030303030303030276,-0.02941176470588236,0.05263157894736836
2022-09-23,0.09375,0.39393939393939403,0.2124999999999999
2022-09-26,0.1428571428571428,0.04347826086956519,-0.21649484536082475
2022-09-27,-0.22499999999999998,-0.1875,-0.1578947368421053
2022-09-28,0.4193548387096775,0.28205128205128216,0.3125
2022-09-29,-0.09090909090909094,0.08000000000000007,0.38095238095238093
2022-09-30,0.30000000000000004,0.05555555555555558,0.0
2022-10-03,-0.13461538461538458,-0.1842105263157895,-0.03448275862068961
2022-10-04,-0.2777777777777778,-0.053763440860215006,0.1785714285714286
2022-10-05,-0.3846153846153846,-0.38636363636363635,-0.2727272727272727
2022-10-06,-0.25,-0.12962962962962965,-0.125
2022-10-07,-0.06666666666666665,0.4042553191489362,0.0
2022-10-10,0.1428571428571428,-0.09090909090909094,0.3928571428571428
2022-10-11,-0.28125,0.1166666666666667,0.19658119658119655
2022-10-12,0.4782608695652173,0.34328358208955234,0.19999999999999996
2022-10-13,-0.05882352941176472,0.05555555555555558,-0.04761904761904767
2022-10-14,0.5625,0.17894736842105252,0.050000000000000044
2022-10-17,-0.96,-0.2142857142857143,-0.09523809523809523
2022-10-19,36.0,0.0,-0.2867647058823529
2022-10-20,0.027027027027026973,0.2571428571428571,0.15463917525773185
2022-10-21,0.05263157894736836,0.0625,0.125
2022-10-24,0.125,0.06951871657754016,0.23809523809523814
2022-10-25,-0.15555555555555556,-0.14,-0.02564102564102566
2022-10-26,-0.1578947368421053,0.023255813953488413,-0.1578947368421053
2022-10-27,-0.25,-0.09090909090909094,-0.1875
2022-10-28,0.25,-0.09999999999999998,-0.019230769230769273
2022-10-31,0.06666666666666665,0.02777777777777768,-0.039215686274509776
2022-11-01,-0.125,-0.027027027027026973,-0.24489795918367352
2022-11-02,-0.5,-0.3125,-0.1216216216216216
2022-11-03,-0.1428571428571429,-0.11111111111111116,0.3538461538461539
2022-11-04,-0.33333333333333337,0.11363636363636354,0.0
2022-11-07,-0.625,-0.7142857142857143,-0.48863636363636365
2022-11-08,0.33333333333333326,0.1428571428571428,-0.022222222222222254
2022-11-09,-1.75,0.03125,-0.045454545454545414
2022-11-10,-0.5,-0.3939393939393939,0.04761904761904767
2022-11-11,1.6666666666666665,-0.19999999999999996,0.0
2022-11-14,3.5,-2.0,-0.6818181818181819
2022-11-16,-0.5,-0.6666666666666667,1.0
2022-11-17,0.38888888888888884,1.0,4.0
2022-11-18,-0.24,-0.125,-0.8
2022-11-21,0.2894736842105263,0.4285714285714286,3.5
2022-11-22,0.020408163265306145,-0.09999999999999998,0.6666666666666667
2022-11-23,0.0,0.33333333333333326,0.19999999999999996
2022-11-24,-0.06000000000000005,-0.125,-0.11111111111111116
2022-11-25,-0.23404255319148937,0.1428571428571428,0.1875
2022-11-28,-0.41666666666666663,-0.41666666666666663,-0.26315789473684215
2022-11-29,-1.9523809523809523,-1.5714285714285714,-1.1428571428571428
2022-11-30,-1.4,0.0,-2.0
2022-12-01,4.0,-2.25,4.0
2022-12-02,-0.15000000000000002,-0.6,-1.2
2022-12-05,0.8823529411764706,7.0,-11.0
2022-12-06,-0.0625,-0.0625,0.30000000000000004
2022-12-07,-0.5333333333333333,-0.1333333333333333,0.0
2022-12-08,-1.0,-0.11538461538461542,-0.11538461538461542
2022-12-09,-inf,0.3913043478260869,0.21739130434782616
2022-12-12,0.36363636363636354,0.25,0.25
2022-12-13,0.08333333333333326,-0.050000000000000044,-0.02857142857142858
2022-12-14,-0.23076923076923073,-0.13157894736842102,-0.08823529411764708
2022-12-15,0.45999999999999996,0.2727272727272727,0.19354838709677424
2022-12-16,0.09589041095890405,-0.23809523809523814,-0.3513513513513513
2022-12-19,-0.4,-0.625,-0.29166666666666663
2022-12-21,-0.75,-0.125,-0.1428571428571429
2022-12-22,0.33333333333333326,0.1428571428571428,0.16666666666666674
2022-12-23,0.5,-0.25,-0.1428571428571429
2022-12-28,-0.5,-1.1666666666666667,-0.9166666666666666
2022-12-29,-0.16666666666666663,-1.0,-5.0
2023-01-03,0.807228915662809,-inf,-2.0
2023-01-04,0.11111111111111116,-1.0,0.0
2023-01-05,-0.09999999999999998,inf,-2.0
2023-01-06,1.4444444444444446,-4.0,0.0
2023-01-09,-0.09090909090909094,6.333333333333333,-2.5
2023-01-10,-0.09999999999999998,-0.18181818181818177,-0.6666666666666667
2023-01-11,-0.25,-0.2777777777777778,-2.0
2023-01-12,0.6296296296296295,0.23076923076923084,-4.0
2023-01-13,-0.09090909090909094,0.0,-0.1999999999995149
2023-01-16,-0.050000000000000044,-0.125,1.291666666665277
2023-01-18,-1.2105263157894737,-4.0,0.0
2023-01-19,-1.5,-0.33333333333333337,0.5
2023-01-20,3.25,-1.5799999999999272,-0.8888888888888888
2023-01-23,0.29176470588230163,0.7183908045977914,-11.0
2023-01-24,0.0018214936248122093,0.003344481605424443,0.3999999999999999
2023-01-25,0.045454545454545414,0.33333333333333326,0.0714285714285714
2023-01-26,0.13043478260869557,-0.5,-0.06666666666666665
2023-01-27,-0.15230769230765873,0.125,-0.2142857142857143
2023-01-30,0.04355716878398774,0.5111111111109494,0.18181818181818188
2023-01-31,0.21739130434782616,0.17647058823542006,-0.23076923076923073
2023-02-01,0.0714285714285714,-0.0625,0.19999999999999996
2023-02-02,-0.33333333333333337,0.2666666666666666,0.08333333333333326
2023-02-03,0.6000000000000001,0.05263157894736836,0.5353846153845483
2023-02-06,0.34375,0.25,0.10220440881768345
2023-02-07,-0.06976744186046513,0.040000000000000036,-0.18181818181818177
2023-02-08,-0.07499999999999996,-0.078461538461572,-0.05555555555555558
2023-02-09,0.5405405405405406,0.1268781302170694,0.17647058823529416
2023-02-10,0.0,-0.038518518518550815,0.19999999999999996
2023-02-13,-0.33333333333333337,-0.15254237288132744,-0.08333333333333337
2023-02-15,-0.42105263157894735,-0.09090909090909094,-0.125
2023-02-16,0.2272727272727273,-0.009999999999854459,-0.1428571428571429
2023-02-17,0.14814814814814814,0.11111111111094774,0.0
2023-02-20,-0.12903225806451613,-0.31818181818181823,-0.41666666666666663
2023-02-21,-0.6296296296296297,-0.33333333333333337,-0.7142857142857143
2023-02-22,-1.2,-0.8,-2.0
2023-02-23,-8.0,6.0,-5.020000000000437
2023-02-24,1.0,0.4285714285714286,0.4925373134326738
2023-02-27,-0.5,-0.19999999999999996,-0.5
2023-02-28,-0.7142857142857143,-0.4375,-0.5
2023-03-01,2.0,-0.11111111111111116,-1.6666666666666665
2023-03-02,2.3333333333333335,1.824999999999818,-5.5
2023-03-03,0.07499999999999996,0.19469026548680257,0.4444444444444444
2023-03-06,-0.16279069767441856,-0.03703703703703709,0.15384615384615374
2023-03-07,0.16666666666666674,-0.038461538461538436,0.1333333333333333
2023-03-08,0.09523809523809534,-0.28,-0.2941176470588235
2023-03-09,-0.13043478260869568,0.32222222222238384,0.0
2023-03-10,0.1499999999999999,-0.327731092437057,-0.33333333333333337
2023-03-13,0.04347826086956519,-1.0,-1.0
2023-03-15,-0.9166666666666666,0.0,-0.6
2023-03-16,-3.5,-0.49142857142838436,-1.0
2023-03-17,0.0,-0.5786516853934134,inf
2023-03-20,0.8,-1.3333333333333333,0.0
2023-03-21,-0.11111111111111116,2.0,1.1666666666666665
2023-03-22,0.75,1.0,0.23076923076923084
2023-03-23,-0.5714285714285714,0.00666666666681226,-0.25250000000005457
2023-03-24,-1.0,-1.6622516556290434,-0.6655518394648585
2023-03-27,-inf,-0.25,-0.75
2023-03-28,0.33333333333333326,0.0,-3.0
2023-03-29,-1.75,-1.3333333333333333,-2.5
2023-03-30,-1.0,-2.0,-2.666666666666667
2023-03-31,inf,-1.0,-0.19999999999999996
2023-04-03,-0.5,-inf,0.75
2023-04-04,-3.0,0.875,0.0
2023-04-05,-2.5,-0.4,-1.0285714285710128
2023-04-06,0.33333333333333326,-1.0,19.00000000029104
2023-04-11,-0.75,-inf,0.75
2023-04-12,0.75,-1.3333333333333333,0.7142857142857142
2023-04-13,1.0,4.0,0.2000000000001212
2023-04-14,-0.1428571428571429,0.3999999999999999,-0.23611111111118832
2023-04-17,-2.333333333333333,-0.2999999999997921,-0.2727272727272727
2023-04-19,-0.4375,-0.6666666666666667,-0.5
2023-04-20,0.11111111111111116,1.0,-0.75
2023-04-21,0.30000000000000004,0.5,-2.0
2023-04-24,0.15384615384615374,-1.1666666666666667,7.0
2023-04-25,0.06666666666666665,-1.0,0.0
2023-04-26,-0.625,inf,0.5
2023-04-27,0.6666666666666667,-0.6666666666666667,-0.33333333333333337
2023-04-28,0.19999999999999996,-3.5,0.125
2023-05-02,0.6666666666666667,0.8399999999994179,0.6444444444447679
2023-05-03,0.3999999999999999,0.08695652173947432,0.08108108108086842
2023-05-04,0.0,0.14000000000014556,-0.1999999999998181
2023-05-05,0.25,0.4035087719296455,0.24999999999971578
2023-05-09,0.34285714285714275,0.375,0.125
2023-05-10,0.5106382978723405,0.2727272727272727,0.5555555555555556
2023-05-11,-0.08450704225352113,-0.3928571428571429,-0.1357142857142597
2023-05-12,0.1692307692307693,0.11764705882352944,-0.1719008264462698
2023-05-15,1.0526315789473686,0.6842105263157894,0.29740518962070195
2023-05-17,-0.8525641025641025,-0.16910785619179758,0.040000000000033564
2023-05-18,0.5217391304347827,0.2820512820513268,0.2204142011833925
2023-05-19,0.11428571428571432,0.0625,0.0
2023-05-22,0.641025641025641,0.5294117647058822,0.39030303030306124
2023-05-23,0.09375,-0.07692307692307687,0.1551874455100004
2023-05-24,-0.3571428571428571,-0.10416666666666663,-0.09433962264150941
2023-05-25,-0.24444444444444446,-0.2558139534883721,-0.20833333333333337
2023-05-26,-0.4117647058823529,-0.47500000000002274,-0.1578947368421053
2023-05-30,-0.4899999999999636,0.19047619047624198,-0.018749999999954525
2023-05-31,-0.803921568627465,0.0,-0.171974522293032
2023-06-01,-9.0,-1.0,-0.34615384615384615
2023-06-02,-0.875,-inf,-0.23529411764705888
2023-06-05,4.0,-1.0,-0.12615384615380143
2023-06-06,-0.19999999999999996,-inf,0.05633802816896005
2023-06-07,0.0,-1.1000000000003638,-0.31999999999970896
2023-06-08,-2.125,-15.99999999994543,0.10294117647011625
2023-06-09,2.888888888888889,0.33333333333333326,0.11111111111111116
2023-06-12,0.19999999999999996,0.75,0.3999999999999999
2023-06-13,-0.7142857142857143,-1.7142857142857144,-1.2857142857142856
2023-06-14,-0.6666666666666667,1.4,2.0
2023-06-15,3.0,-0.5,-0.5633333333335031
2023-06-16,2.0,-0.33333333333333337,-1.1908396946565627
2023-06-19,-1.0,1.0,-13.599999999998545
2023-06-21,inf,0.0,12.0
2023-06-22,-0.4285714285714286,0.25,0.07692307692307687
2023-06-23,-0.125,0.06666666666666665,0.0
2023-06-26,0.9285714285714286,0.25,0.2142857142857142
2023-06-27,-0.5555555555555556,-0.4,-0.2941176470588235
2023-06-28,-0.16666666666666663,-0.25,-0.9166666666666666
2023-06-29,-0.5880000000001019,0.22222222222222232,2.8800000000010186
2023-06-30,0.6990291262140123,0.8181818181818181,1.5773195876281894
2023-07-03,0.4285714285714286,-0.19999999999999996,-0.19999999999999996
2023-07-04,-1.8,-1.0,-0.125
2023-07-05,0.125,inf,-0.7142857142857143
2023-07-06,0.4444444444444444,-1.25,-2.5
2023-07-07,-0.46153846153846156,-4.0,0.33333333333333326
2023-07-10,2.142857142857143,-2.333333333333333,1.0
2023-07-11,0.2272727272727273,0.75,-0.125
2023-07-12,-0.33333333333333337,-0.7142857142857143,-1.2857142857142856
2023-07-13,0.33333333333333326,-1.0,4.0
2023-07-14,0.6666666666666667,-inf,-0.19999999999999996
2023-07-17,0.95,1.4,-1.0
2023-07-19,-0.7435897435897436,-0.8181818181818181,1.9733333333327514
2023-07-20,0.050000000000000044,-0.5,0.06502242152487225
2023-07-21,0.33333333333333326,3.0,0.10526315789473695
2023-07-24,0.0,-0.25,0.0
2023-07-25,0.0714285714285714,0.16666666666666674,-0.19047619047619047
2023-07-26,0.33333333333333326,1.0,0.5294117647058822
2023-07-27,0.1499999999999999,0.3571428571428572,-0.038461538461538436
2023-07-28,-0.04347826086956519,-0.15578947368416463,-0.19999999999999996
2023-07-31,0.0,-0.6882793017456529,-0.25
2023-08-01,0.25,2.0,0.33333333333333326
2023-08-02,0.05527272727274313,0.33333333333333326,0.3999999999999999
2023-08-03,0.10268780151617918,0.25,0.1785714285714286
2023-08-04,0.46875,0.24,0.4242424242424243
2023-08-07,-0.13787234042552265,0.14838709677414652,-0.25531914893617025
2023-08-08,0.011846001974322729,-0.26966292134828473,-0.11428571428571432
2023-08-09,-0.04926829268293753,-0.5384615384615384,-0.4838709677419355
2023-08-10,0.12878399179067457,1.0833333333333335,0.5650000000000546
2023-08-11,0.25,-0.16000000000000003,-0.2012779552715933
2023-08-14,0.2727272727272727,0.33333333333333326,0.19999999999999996
2023-08-16,-0.8,-0.125,0.125
2023-08-17,-0.5714285714285714,-0.4285714285714286,-0.2611111111111515
2023-08-18,-1.6666666666666665,-0.6875,-0.3233082706766547
2023-08-21,-2.0,1.7999999999999998,0.4444444444444444
2023-08-22,-1.875,-0.4142857142859222,-0.038461538461538436
2023-08-23,2.142857142857143,-0.024390243902092767,0.1200000000000001
2023-08-24,-0.2727272727272727,1.375,0.25
2023-08-25,-1.0,0.3157894736842106,0.11428571428571432
2023-08-29,inf,0.19999999999999996,0.1282051282051282
2023-08-30,5.75,0.0,-0.13636363636363635
2023-08-31,0.2592592592592593,-0.1333333333333333,0.05263157894736836
2023-09-01,-0.23529411764705888,-0.07692307692307687,-0.07499999999999996
2023-09-04,0.7692307692307692,-0.125,-0.1351351351351351
2023-09-05,0.4782608695652173,-0.6190476190476191,-0.24874999999997272
2023-09-06,-0.2941176470588235,1.0,0.16472545757067314
2023-09-07,0.0,0.375,0.1071428571428572
2023-09-08,-0.16666666666666663,0.0,-0.19999999999990614
2023-09-11,-1.2,0.0,-0.03225806451624258
2023-09-12,-0.75,0.18181818181818188,0.0
2023-09-13,-4.0,0.0,-0.08333333333333337
2023-09-14,-18.833333333333332,0.23076923076923084,0.09090909090909083
2023-09-15,0.36448598130841114,0.1875,0.29166666666666674
2023-09-18,0.013698630136986356,0.33684210526323444,0.19354838709677424
2023-09-20,-0.6081081081081081,-0.1063829787234043,0.06060606060606055
2023-09-21,0.06896551724137923,0.04761904761904767,0.08571428571428563
2023-09-22,-0.09677419354838712,0.0,1.1315789473684212
2023-09-25,0.2678571428571428,0.2954545454545454,-0.11111111111111116
2023-09-26,-0.18309859154929575,-0.368421052631579,-0.19444444444444442
2023-09-27,0.15517241379310343,-0.05555555555555558,-0.18965517241379315
2023-09-28,0.04477611940298498,-0.17647058823529416,-0.17021276595744683
2023-09-29,0.1428571428571428,0.5714285714285714,0.33333333333333326
2023-10-02,0.2250000000000001,0.40909090909090917,0.34615384615384626
2023-10-03,0.061224489795918435,0.09677419354838701,0.02857142857142847
2023-10-04,0.028846153846153744,-0.044117647058823484,-0.04166666666666663
2023-10-05,0.08411214953271018,0.19999999999999996,0.13043478260869557
2023-10-06,0.0,-0.038461538461538436,-0.20512820512820518
2023-10-09,-0.03448275862068961,-0.18666666666666665,-0.22580645161290325
2023-10-10,0.1607142857142858,0.3114754098360655,0.39583333333333326
2023-10-11,0.06153846153846154,-0.025000000000000022,0.07462686567164178
2023-10-12,0.07246376811594213,-0.038461538461538436,-0.01388888888888884
2023-10-13,0.0,-0.02720000000001166,-0.05577464788731168
2023-10-16,-0.18918918918918914,-0.15021929824560387,-0.13484486873509482
2023-10-18,-0.4,-0.05882352941176472,0.140625
2023-10-19,-0.02777777777777779,-0.09375,-0.09589041095890416
2023-10-20,-0.02857142857142858,0.10344827586206895,0.06060606060606055
2023-10-23,0.11764705882352944,0.0625,0.014285714285714235
2023-10-24,0.013157894736842035,-0.19117647058823528,-0.12676056338028174
2023-10-25,0.22077922077922074,0.16363636363636358,0.12903225806451624
2023-10-26,0.14893617021276606,0.046875,0.02857142857142847
2023-10-27,-0.03703703703703709,-0.10447761194029848,0.0
2023-10-30,0.04807692307692313,0.06666666666666665,0.05555555555555558
2023-10-31,0.17431192660550465,0.390625,0.06578947368421062
2023-11-01,0.0390625,-0.0786516853932584,-0.0864197530864198
2023-11-02,0.08270676691729317,-0.012682926829278962,0.014054054054065901
2023-11-03,0.06388888888889399,-0.024209486165997385,0.07942430703623482
2023-11-06,0.05091383812009953,-0.05316455696198852,-0.03456790123460385
2023-11-07,-0.006211180124223614,0.20320855614968591,0.15089514066500453
2023-11-08,-0.0625,0.0,0.022222222222222143
2023-11-09,0.01333333333333342,0.0,-0.05478260869566165
2023-11-10,0.00026315789474251616,0.11111111111111116,0.05795768169274296
2023-11-13,0.18389897395421584,-0.07999999999999996,-0.06521739130434778
2023-11-15,-0.4,-0.061224489795918324,-0.0444444444444444
2023-11-16,0.11111111111111116,0.13043478260869557,0.11627906976744184
2023-11-17,-0.01666666666666672,0.07692307692307687,0.03125
2023-11-20,-0.15254237288135597,-0.2053571428571429,-0.09090909090909094
2023-11-21,0.1299999999999999,0.202247191011236,0.06666666666666665
2023-11-22,0.06194690265486735,0.13084112149532712,0.07291666666666674
2023-11-23,0.03499999999997572,0.08099173553721406,0.01941747572815533
2023-11-24,-0.017713365539429482,0.024464831804258624,0.00952380952380949
2023-11-27,0.016393442622950838,0.07462686567164178,0.07547169811320753
2023-11-28,-0.16129032258064513,-0.23611111111111116,-0.19298245614035092
2023-11-29,-0.17307692307692313,-0.1636363636363637,-0.04347826086956519
2023-11-30,0.188372093023222,0.019565217391335876,-0.07954545454545459
2023-12-01,0.01761252446186856,-0.10447761194032634,-0.0755555555555879
2023-12-04,0.07692307692307687,0.1785714285714286,0.041666666666703156
2023-12-05,0.0714285714285714,0.02020202020202011,-0.038461538461538436
2023-12-06,0.0,-0.02970297029702973,0.0
2023-12-07,0.06666666666666665,0.020408163265306145,-0.040000000000000036
2023-12-08,-0.03125,-0.020000000000000018,0.01388888888888884
2023-12-11,0.12741935483873323,0.12244897959183665,0.06849315068493156
2023-12-12,0.07296137339053566,0.05454545454545445,-0.02564102564102566
2023-12-13,0.016000000000009784,0.034482758620689724,-0.17842105263154828
2023-12-14,0.023359580052477957,0.0,0.32927610506080884
2023-12-15,0.00025647601949785326,0.06666666666666665,0.12048192771084332
2023-12-18,-0.17948717948717952,0.0,0.05161290322583767
2023-12-20,0.03125,-0.13559322033898302,-0.25
2023-12-21,0.015151515151515138,-0.019607843137254943,0.04166666666666674
2023-12-22,0.029850746268656803,0.040000000000000036,-0.013333333333333308
2023-12-27,0.13043478260869557,0.07692307692307687,0.1351351351351351
2023-12-28,-0.02564102564102566,-0.0625,-0.08714285714285364
2023-12-29,0.05263157894736836,0.02857142857142847,0.017214397496083667
2024-01-02,0.08749999999999991,0.0185185185185186,0.08974358974358965
2024-01-03,-0.03448275862068961,-0.054545454545454564,-0.034823529411754484
2024-01-04,0.03571428571428581,0.03846153846153855,0.12140419307653616
2024-01-05,0.04597701149425282,0.06481481481481488,0.04347826086956519
2024-01-08,0.01098901098901095,0.10434782608695659,0.10458333333334235
2024-01-09,-0.021739130434782594,-0.03937007874015752,-0.00037721614485919375
2024-01-10,-0.01666666666666672,0.016393442622950838,-0.14150943396226412
2024-01-11,-0.005649717514124242,-0.056451612903225756,-0.04439560439561396
2024-01-12,0.0,0.11111111111111116,0.06945722171114221
2024-01-15,0.045454545454545414,-0.09230769230769231,-0.03870967741933917
2024-01-17,-0.3152173913043478,-0.3017241379310345,-0.09090909090909094
2024-01-18,-0.031746031746031744,-0.03703703703703709,0.0
2024-01-19,-0.03311475409836784,-0.1282051282051282,-0.12857142857142856
2024-01-22,0.11902339776196147,0.23529411764705888,0.24590163934426235
2024-01-23,0.045454545454545414,-0.04761904761904767,-0.02631578947368418
2024-01-24,0.01449275362318847,-0.025000000000000022,-0.08108108108108103
2024-01-25,0.0,0.23076923076923084,0.11764705882352944
2024-01-26,0.021428571428571352,0.11458333333333326,0.15473684210528993
2024-01-29,0.04895104895104896,-0.009345794392523366,0.0027347310847534168
2024-01-30,-0.00666666666666671,0.0,-0.011363636363636354
2024-01-31,0.033557046979865834,0.10377358490566047,0.16091954022988508
2024-02-01,0.03896103896103886,0.08547008547008539,0.03960396039603964
2024-02-02,-0.03749999999999998,0.02047244094487044,0.01904761904761898
2024-02-05,0.01298701298701288,0.057098765432110676,-0.04672897196261683
2024-02-06,0.0,-0.08029197080291972,-0.039215686274509776
2024-02-07,0.0,0.0793650793650793,0.05102040816326525
2024-02-08,0.012820512820512775,-0.03735294117648347,-0.058252427184465994
2024-02-09,-0.012658227848101222,-0.007027192178416297,-0.134020618556701
2024-02-12,0.0064102564102563875,0.06153846153846154,0.07190476190477235
2024-02-13,-0.019108280254777066,-0.007246376811594235,-0.0004442470013423794
2024-02-14,-0.051948051948051965,-0.03649635036496346,0.0
2024-02-15,0.020547945205479534,-0.05303030303030298,-0.05555555555555558
2024-02-16,-0.06040268456375841,-0.12,-0.1407058823529309
2024-02-19,-0.0628571428571636,0.02545454545457182,0.06790799561882621
2024-02-21,-0.1158536585365657,-0.2678641155798682,0.125
2024-02-22,0.06896551724137923,0.040000000000000036,0.05555555555555558
2024-02-23,0.09677419354838701,0.1923076923076923,0.07894736842105265
2024-02-26,0.0,0.16129032258064524,0.1707317073170731
2024-02-27,-0.014705882352941124,-0.07407407407407407,-0.0625
2024-02-28,-0.014925373134328401,-0.040000000000000036,-0.033333333333333326
2024-02-29,0.030303030303030276,0.0625,0.05747126436781613
2024-03-01,0.0,-0.05882352941176472,-0.07608695652173914
2024-03-04,-0.02941176470588236,0.0,-0.035764705882363246
2024-03-05,0.0,0.10416666666666674,0.000488042947790035
2024-03-06,0.09090909090909083,0.037735849056603765,-0.024390243902439046
2024-03-07,0.04861111111111116,0.09090909090909083,0.026000000000021783
2024-03-08,-0.02039735099338902,0.016333333333325983,0.05994152046781376
2024-03-11,0.014061654948632762,-0.007871433256798399,0.0
2024-03-12,0.01333333333333342,0.04958677685950419,0.10344827586206895
2024-03-13,0.0,-0.015748031496062964,-0.0837500000000091
2024-03-14,0.07894736842105265,0.08800000000000008,0.34151887221465627
2024-03-15,0.024390243902439046,0.014705882352941124,-0.05084745762711862
2024-03-18,-0.06333333333332991,-0.007246376811594235,0.06035714285709615
2024-03-20,-0.07371631926791122,-0.05660377358489388,-0.15230524642291776
2024-03-21,0.06888035126235414,0.0818181818181487,0.04876219054767805
2024-03-22,0.001283697047478105,0.013725490196072831,-0.017882689556508735
2024-03-25,0.0,0.004973749654659132,0.08594319009463525
2024-03-26,-0.0010256410256167525,-0.02914489964259792,-0.013413816230705589
2024-03-27,-0.0120636550308304,-0.01161144151797966,0.061182868796773926
2024-03-28,0.005455962587709751,-0.06103151862467171,-0.09737347853942213
2024-04-02,-0.005167958656349447,0.005492828806900052,0.05571327182397767
2024-04-03,0.023376623376613948,0.05523520485583222,0.15092436974789192
2024-04-04,0.07487309644671969,0.10986482599941505,0.058411214953271395
2024-04-05,0.07438016528924707,0.03653796320289837,-0.0027593818984648077
2024-04-08,0.0714285714285714,0.0987499999999728,-0.04399557277250554
2024-04-09,0.00430769230767436,0.10216154721278081,0.05209840810417421
2024-04-10,-0.03492647058821807,-0.004128819157735886,0.06629986244841346
2024-04-11,0.0008465608465793029,0.04394693200661259,0.009287925696609411
2024-04-12,-0.01924296891520061,-0.11497220015884024,-0.046267893660564274
2024-04-15,-0.6860715825786764,-0.29324657841597024,-0.19914232109355112
2024-04-17,1.4608516483514218,-0.245215311004789,-0.23076923076923073
2024-04-18,-0.08679877197880514,-0.09730586370833472,-0.10618181818182082
2024-04-19,0.051955990220072135,-0.09515449438205104,-0.03864930838082714
2024-04-22,0.14177803602554295,0.08769887466046478,0.060516292848088904
2024-04-23,0.08015267175576368,0.12379593292897839,0.13088587390259
2024-04-24,0.09988221436984013,0.24761904761902453,0.1626676076218303
2024-04-25,0.07367744699080037,0.04020356234096578,0.12685887708650068
2024-04-26,-0.13405146618793196,-0.02666340508802223,-0.020737947751155783
2024-04-29,-0.17899101589492383,-0.1037949233475981,-0.1347634763476726
2024-04-30,0.16863075196403443,0.03925967470559333,0.058486967577882965
2024-05-01,0.1255702280912272,0.07231516459790543,0.16636636636639612
2024-05-02,0.06292662116046488,0.06366381479614613,0.14057672502577057
2024-05-03,-0.015452538631391288,-0.025313461083461664,0.003386004514623231
2024-05-07,0.08234814512839583,0.08276699029125711,0.051068616422958124
2024-05-08,0.00320150659137286,0.011432414256857149,0.010916095890415756
2024-05-09,-0.09986859395531567,-0.03479609929077443,-0.043616345543076696
2024-05-10,-0.17518248175185247,-0.0757749712973439,-0.1565198140358578
2024-05-13,-0.07433628318580898,-0.05490683229816018,-0.07217847769028807
2024-05-15,-0.04862059546573683,0.0023771790807798343,-0.14987146529562934
2024-05-16,-0.12661498708009944,-0.10724637681158966,-0.07650438463861076
2024-05-17,-0.1413543721235786,-0.1883116883116691,-0.31237721021612963
2024-05-20,0.32388973966305,-0.15090909090907767,-0.09666666666661128
2024-05-21,0.18102949681897718,0.477944325481785,0.48444913020548896
2024-05-22,0.0881488736532896,0.20486815415820536,0.20383522727272063
2024-05-23,-0.13838883888387865,-0.16859066859067418,-0.11946902654865243
2024-05-24,0.06529119874636002,0.1342204223315382,0.06867671691789767
2024-05-28,0.022309389556305348,-0.004080591685837076,-0.039811912225662494
2024-05-29,0.059472422062338604,0.06427656850192731,0.09500489715963956
2024-05-30,-0.016976007243096336,0.05197305101062799,0.0330948121645418
2024-05-31,-0.009900990099016571,0.014638609332099817,0.04357864357865027
2024-06-03,-0.04116279069768458,-0.018034265103680336,-0.015763274336325517
2024-06-04,-0.0024254183846360577,0.01561065197425271,-0.05450969373416081
2024-06-05,-0.011670313639712382,-0.018535262206141767,0.009212481426487784
2024-06-06,-0.037638376383780314,-0.034315983417774754,-0.025323910482937473
2024-06-07,0.11503067484662877,0.13450989744815645,0.09758308157098261
2024-06-10,0.0717560751948898,0.046668068110099936,-0.0013762730525536115
2024-06-11,-0.024385026737955506,-0.008234585258081184,-0.05347298787211896
2024-06-12,-0.03398377548785514,-0.02956662616442185,-0.08736167734420464
2024-06-13,0.059464366772601585,0.10308848080134614,0.06828334396934932
2024-06-14,-0.028920308483298074,-0.027809307605015987,0.030764635603365287
2024-06-17,0.007721155967358673,-0.048453006421479095,0.00405679513188173
2024-06-19,0.132661996497361,-0.247764752632612,-0.2052770448549005
2024-06-20,0.02628527251643975,0.010301109350222104,0.05776892430284386
2024-06-21,0.01902071563088903,0.053333333333308586,0.10263653483993651
2024-06-24,0.047495841803727235,0.08066517746339241,0.058354682607435704
2024-06-25,0.002999294283699161,-0.010105649977002806,0.047068316299036184
2024-06-26,-0.04133685136324272,-0.055684454756371626,-0.07526329309012558
2024-06-27,0.04311926605505256,0.09434889434889615,0.044444444444404096
2024-06-28,-0.00035180299030113105,0.029636281993665525,-0.021542553191428282
2024-07-01,0.027802217138801044,0.03815961622328934,-0.04185920086982431
2024-07-02,0.014894709809977869,-0.0023104389833809025,0.04283687943263037
2024-07-03,-0.006241565452105191,0.021684210526291325,0.014417845484239633
2024-07-04,0.03649635036495735,0.026581495981923053,0.07267363904529534
2024-07-05,0.0034392400917286903,0.043356081894780685,0.01750000000001828
2024-07-08,-0.012730536967531458,0.03712966525587347,0.008108108108106249
2024-07-09,0.052570672838490706,0.016138007790777342,-0.06629295637341259
2024-07-10,0.03832260091095496,0.0120481927710816,0.00026102845210695946
2024-07-11,0.04053849644532237,-0.016774891774896883,0.026617954070992766
2024-07-12,-0.03808693124001694,-0.028251696936324455,-0.04473817996950202
2024-07-15,-0.022366631403952897,0.0007551444213527159,-0.019691325172958574
2024-07-17,-0.23434843097853697,-0.32360097323599024,0.2154543166372913
2024-07-18,-0.027458106198239296,-0.06253458771444775,-0.05756885483538432
2024-07-19,-0.018268631928607393,-0.038665879574954265,0.008569545154938574
2024-07-22,-0.023049270458874282,-0.13632176849862765,-0.024183006535960616
2024-07-23,-0.025324675324638113,-0.06718805545684925,-0.0544764456351583
2024-07-24,0.05685098823005674,0.12461890243904206,-0.07744982290438318
2024-07-25,-0.007774742592998485,-0.01016604540837307,-0.026618889173254723
2024-07-26,-0.06480304955522476,0.021910304690155424,-0.0633710228766714
2024-07-29,0.051177536231845844,0.15477386934676796,0.10752386299831107
2024-07-30,-0.053425247738034476,0.016536118363786434,0.06337135614702039
2024-07-31,-0.04164770141105423,-0.07248858447486084,-0.07222884386175454
2024-08-01,0.08311564948947803,0.1292307692307917,0.10483042137718179
2024-08-02,-0.019074764306090564,-0.11444141689375054,-0.03906976744186719
2024-08-05,0.0020116227089885808,-0.023692307692321113,-0.08785091965148173
2024-08-06,-0.006915012268599363,0.05137094232590744,-0.0005306447333626174
2024-08-07,0.0496406109613885,0.114508393285361,0.026546323334218247
2024-08-08,0.004493901134195344,-0.01775147928998566,-0.06464959917248503
2024-08-09,-0.005112910098031498,-0.026286966045929505,-0.06856510920656278
2024-08-12,0.004710920770903071,-0.019966254218248602,-0.08518848322941797
2024-08-13,-0.07693947144076252,-0.027833572453352495,-0.10382868267361312
2024-08-14,-0.03509582082656748,-0.04781582054316913,-0.061187545257014975
2024-08-15,-0.02488633644414573,-0.0009299442033117167,-0.02776706517551697
2024-08-16,0.07828220858896962,0.13713931120074885,0.2978976596588845
2024-08-19,-0.007282658170225442,-0.017735334242827916,-0.07029339853298655
2024-08-21,-0.07152682255847642,0.01806282722514463,-0.05293945598126537
2024-08-22,0.05703703703702456,0.0017999485729371933,0.019147621988850005
2024-08-23,-0.004438215370252574,-0.03644763860369704,-0.04424242424245295
2024-08-27,-0.0004692632566545285,0.02051145444855096,0.0348763474952567
2024-08-28,0.027464788732395773,0.1365178804490068,0.1393995098039018
2024-08-29,-0.010509481379920582,-0.032613688562284415,-0.06157569239040428
2024-08-30,0.005079658277476806,0.029914529914579102,-0.059025787965602095
2024-09-02,0.024810475534155163,0.07468879668049122,0.04902557856269052
2024-09-03,-0.03586639766869182,-0.03646503646505139,-0.059506531204625124
2024-09-04,-0.01627528481745888,-0.0031166518254950315,0.028395061728397675
2024-09-05,-0.04419758922242356,-0.03997320232244528,-0.06182472989194199
2024-09-06,0.10089020771513035,0.045126773668264786,0.053742802303272
2024-09-09,0.010781671159019846,0.042065435121328765,0.010018214936245329
2024-09-10,0.010222222222202815,0.02733874412645587,-0.0012022843402726968
2024-09-11,-0.010558732952036354,-0.017879417879429815,0.0009027986759149176
2024-09-12,-0.008670520231200962,-0.010584250635055081,-0.05291641611546016
2024-09-13,0.019735366674124233,-0.020753102267850876,-0.04063492063494145
2024-09-16,0.018913569386421747,0.027747432816264572,0.12673726009265418
2024-09-18,0.05784588819340164,-0.18636647904941195,-0.23124002128793308
2024-09-19,0.00714139971435146,-0.0015372790161749528,-0.024575977846976182
2024-09-20,0.018030794165303954,0.06594816525531821,0.14904187366929333
2024-09-23,0.005970149253716972,0.016610495907571687,0.04138357010500626
2024-09-24,-0.01839762611276563,-0.031020601468138898,-0.0726571767497225
2024-09-25,0.08101571946800368,0.08553274682306933,0.10457307323308518
2024-09-26,0.02367636092465686,0.04705087798289376,-0.006948465547185534
2024-09-27,0.015297759970864133,0.02236078262737151,0.017784256559784106
2024-09-30,0.007713004484310115,0.01156677181916077,-0.03466055571472215
2024-10-01,0.01815592737629812,-0.01226611226615304,-0.05934718100885006
2024-10-02,0.026398601398604837,0.005262050094755333,0.05488958990529724
2024-10-03,0.046329415772428995,0.039991624790616465,0.1719497607655569
2024-10-04,-0.0014650822073929426,-0.014697000201356558,0.024240877775008274
2024-10-07,0.010759700032602737,0.007151614221503344,0.012207274539062007
2024-10-08,-0.02548387096774074,-0.03185230269827388,-0.04061038641397163
2024-10-09,-0.006620324395889332,-0.01424979044430208,-0.02668034889684623
2024-10-10,0.013495501499491525,0.015306122449004755,-0.05060622034796691
2024-10-11,0.02120664145982043,-0.03622278056954298,0.03164908384234533
2024-10-14,-0.14037347070188433,-0.03497718878989364,-0.03928955866520811
2024-10-16,-0.13089887640449116,-0.1886631016042718,0.2157120336310887
2024-10-17,-0.036414565826302425,-0.03770102820986765,0.015993084071748598
2024-10-18,-0.0357781753131069,-0.14520547945203488,-0.05403105722184942
2024-10-21,0.05473098330242676,0.11474358974358467,0.032156510006753125
2024-10-22,0.04793315743184512,0.10868315123635952,0.01808278867102242
2024-10-23,-0.007343684431396658,-0.015819502074703395,-0.01647763749198472
2024-10-24,0.0016909744240103386,-0.02635046113306927,0.016536118363799757
2024-10-25,-0.010761764085216452,-0.01732070365361904,0.001070205479475339
2024-10-28,0.048208191126283495,0.06058936931971748,0.03570664956168601
2024-10-29,-0.017297517297561238,0.009867566865775945,0.004748142031369973
2024-10-30,-0.008697452888760893,-0.043198765749558166,-0.031025272241631763
2024-10-31,0.01712972634217036,-0.02069336199942584,-0.02014418999153378
2024-11-01,-0.0162250975559467,-0.03540065861692798,-0.035273750270487514
2024-11-04,0.00041753653441789496,-0.027596017069682954,-0.05293853746075783
2024-11-05,0.057595993322208106,0.11878291398477048,0.11037423022264159
2024-11-06,-0.026045777426986993,0.06877615062759457,0.04351535836179421
2024-11-07,0.002836304700150283,-0.0012233912405009706,-0.02432542927225445
2024-11-08,0.009696969696960878,0.06124448799612536,0.0023046302115810047
2024-11-11,-0.0006002400960151144,0.010156971375777424,-0.016304347826100574
2024-11-12,-0.015215215215255817,-0.01074040219376926,-0.052698682532927976
2024-11-13,-0.044114657450667005,0.0233310233309858,-0.015477792732178308
2024-11-14,-0.022756273925982562,-0.041760722347638723,-0.06903622693093814
2024-11-15,-0.007834602829174697,-0.0676089517078694,-0.0511502692119461
2024-11-18,-0.12568545733712533,0.024759979787760678,-0.020376579829740615
2024-11-20,-0.007777220270935414,0.04326205867727029,-0.14462081128747062
2024-11-21,0.052338811630792126,0.04408960915162585,0.02533136966122962
2024-11-22,0.010571840461329085,-0.020314996576151767,0.0011490950876436035
2024-11-25,-0.00974797907750502,-0.03285181733457254,0.016642754662838488
2024-11-26,-0.012484993997609606,-0.029872319922904733,-0.08664973186564162
2024-11-27,0.015560418186225,0.004221504842316204,-0.007725587144622903
2024-11-28,0.028249940148439734,0.023491592482708157,0.0625973217065825
2024-11-29,0.02956926658906789,0.06426673109441783,-0.042203985931967614
2024-12-02,-0.016508367254626233,-0.008172531214501011,0.013769889840847815
2024-12-03,-0.10255231087604388,-0.0785076676585088,-0.053425897977623316
2024-12-04,0.03586984370991009,0.053154495777476995,0.06218112244894369
2024-12-05,0.02893890675245947,0.010849056603709828,0.028820174121914066
2024-12-06,-0.012980769230790057,-0.01236584227715476,-0.06886489641087112
2024-12-09,-0.009254749147569519,-0.010158280179548562,-0.008147916013738654
2024-12-10,-0.0054080629302154515,0.05274463007162211,0.07488151658758468
2024-12-11,-0.00716757291149428,0.038766719564704344,0.009994121105290299
2024-12-12,0.06173761513566234,0.02007856831078314,0.048020954598358756
2024-12-13,-0.037983587338823344,-0.07659392383397401,-0.07720077756175558
2024-12-16,0.05386302705340018,0.018303985171475246,0.029190490520593082
2024-12-18,-0.0018501387604054065,-0.27028885832188576,-0.17413533834583617
2024-12-19,-0.010658016682135063,-0.016965127238424582,-0.0007283321194623271
2024-12-20,-0.017564402810304913,-0.04314477468840927,0.02040816326528727
2024-12-23,0.027175208581674992,0.049766199064788186,0.01999999999998181
2024-12-24,-0.0013924344395332966,-0.011135857461035958,-0.06162464985995275
2024-12-27,0.010457820125510553,0.08655083655079454,0.019402985074643775
2024-12-30,0.057267709291621394,0.03138880663314647,0.03587115666177065
2024-12-31,-0.00609092886666629,0.012919896640847695,0.08021201413429302
2025-01-02,-0.032611074633393855,-0.02352607709755472,0.03696434412826388
2025-01-03,0.03235294117647669,-0.022351233671949022,-0.048264984227148866
2025-01-06,0.02542187157571396,0.06116389548692025,0.025853496851137914
2025-01-07,0.015174182517613044,0.02042529378846014,0.01841680129245704
2025-01-08,0.011999999999993793,0.004935563476838434,-0.044098984771554495
2025-01-09,-0.007489078427305729,-0.04611186903134257,-0.04746100232333428
2025-01-10,-0.04925592119049649,-0.051201372997735306,-0.12439024390243358
2025-01-13,0.18849206349204506,0.08109737714804055,0.07162753680864098
2025-01-15,-0.35076980152105186,-0.23732840549097556,0.04829931972789425
2025-01-16,0.003714285714314869,-0.039806161301537024,-0.06391953277090734
2025-01-17,0.005693139766601796,0.027757750540685855,0.029809358752186155
2025-01-20,0.004528729125333308,0.04875482286921473,0.07741501178051835
2025-01-21,0.008453085376193048,0.03946488294315409,0.06747891283973262
2025-01-22,0.009779267951901094,0.04890604890606309,0.05179982440738762
2025-01-23,0.03154399557280718,0.026993865030650044,-0.02754590984979377
2025-01-24,0.03272532188839383,0.028972520907985633,0.04978540772536921
2025-01-27,0.0005194805194919105,0.020319303338192984,0.0256200599618559
2025-01-28,0.04309449636552021,0.01991465149356797,0.05766675524847242
2025-01-29,-0.0042309606769554975,-0.0019525801951992827,-0.0020100502513000773
2025-01-30,0.005248687828021126,-0.006148686417025151,0.019385699899352238
2025-01-31,0.012928891098966888,0.008155230596200047,0.04445542109160794
2025-02-03,-0.002454590083465047,-0.0052998605300002,0.0056751004965660545
2025-02-04,0.019931102362237274,-0.0030846887268811685,-0.0011756407242203837
2025-02-05,0.009408926417356023,0.018002812939505786,0.02048022598871957
2025-02-06,0.01338432122369726,0.021000276319432132,0.026758938869661852
2025-02-07,-0.012500000000015499,0.023274695534571732,-0.007638732869021392
2025-02-10,-0.020778600429878225,-0.03623380058187653,-0.021960606746686984
2025-02-11,-0.016097560975606218,0.016739846322688212,-0.0106481481481282
2025-02-12,-0.10114030738720658,-0.0418353576248125,-0.07323350491345426
2025-02-13,-0.9837286265857655,-0.3304225352113066,-0.23807119414286204
2025-02-14,-89.71186440675802,-0.246529238535932,-0.21736249171634947
2025-02-17,-1.5101260985861797,0.35343383584589505,0.0800169348009887
2025-02-19,-1.0048689138576479,-0.708487084870866,-0.9339882121807322
2025-02-20,33.23076923098557,-0.5996835443036754,-2.601190476190502
2025-02-21,-1.3707865168541988,1.1581027667975152,-1.3940520446094014
2025-02-24,-7.7757575757517765,-1.5128205128204617,-3.235849056605603
2025-02-25,-0.925760286225411,-4.71428571428655,-4.725738396623184
2025-02-26,13.168674698796686,-0.7932692307692585,-0.8323895809740005
2025-02-27,-0.3180272108843293,0.767441860465077,-2.3108108108115415
2025-02-28,-0.4201995012469597,1.0578947368424227,-3.1597938144326854
2025-03-03,-0.7440860215052467,-0.021739130434792697,-0.26730310262545687
2025-03-04,1.3529411764704982,-0.5934640522874863,-1.4853420195439488
2025-03-05,1.9964285714271957,-2.752411575562607,1.610738255033549
2025-03-06,-0.12157330154930734,0.8568807339445192,1.61439588688987
2025-03-07,-1.0094979647218048,-0.9100790513834045,-0.5683382497542393
2025-03-10,117.42857142905031,-3.593406593407648,-0.4874715261958318
2025-03-11,0.6936067551269571,0.17372881355921743,-0.3555555555552322
2025-03-12,0.21581196581186957,-0.6173285198558398,4.993103448271952
2025-03-13,0.3122437024018756,8.339622641513579,-0.8837744533946639
2025-03-14,0.2937500000000828,0.6030303030302591,-6.831683168316796
2025-03-17,0.3229813664595693,0.18714555765592533,-0.12393887945660609
2025-03-19,-0.7897756911841085,-0.7384855581576505,-1.3641025641027156
2025-03-20,0.8548387096769825,1.8567164179100506,-0.3802816901412781
2025-03-21,0.027424749163993623,-0.5914315569488011,-0.3409090909083392
2025-03-24,-0.13736979166669938,0.22762148337581878,6.8390804597625685
2025-03-25,-0.7018867924527753,-0.9750000000002085,0.47507331378297946
2025-03-26,2.050632911391659,73.91666666730079,-0.8230616302187946
2025-03-27,0.5311203319503603,-0.0522803114571031,-0.9213483146059952
2025-03-28,-0.14200542005423833,0.04107981220639978,-12.357142857043556
2025-03-31,0.08907138344913834,0.22096956031580284,1.92452830188744
2025-04-01,-0.179234338747005,-0.13204062788553095,-0.4129032258067292
2025-04-02,0.17243816254393085,0.1617021276596271,0.4542124542131132
2025-04-03,0.15973477998804841,0.17032967032972257,0.6171284634751564
2025-04-04,0.47349272349275906,0.46635367762119095,0.5000000000002833
2025-04-07,-0.479717813051153,-0.14407684098189755,-0.6936656282449665
2025-04-08,0.09220338983042464,-0.33728179551111936,-0.4
2025-04-09,0.22532588454384217,0.23988711194722745,1.141242937852045
2025-04-10,-1.138297872340497,-1.572837632776867,-2.654353562005805
2025-04-11,6.421245421241077,0.10331125827824228,0.8006379585327092
2025-04-14,-2.2941757156960225,-1.5750300120049117,-0.8759964570416716
2025-04-16,-0.8012967200610505,-1.1737967914437208,-6.521739130425327
2025-04-17,-0.26871401151628993,2.523076923078839,-0.4803149606302145
2025-04-22,-1.671916010499121,1.1222707423579692,-5.568181818183321
2025-04-23,-1.0390625000001221,-0.06893004115227552,-0.0248756218904842
2025-04-24,-28.99999999989086,0.48618784530406733,0.782312925169685
2025-04-25,-1.1035714285717673,0.2193308550186297,-0.005725190839646288
2025-04-28,-27.103448275782476,0.7115853658535998,0.8857965451055181
2025-04-29,-0.9696169088507831,-0.6864980406127967,-0.6239185750635433
2025-04-30,-4.565217391309849,0.2295454545455231,0.3207036535857355
2025-05-01,-13.768292682932781,0.6164510166358828,1.0584016393442313
2025-05-02,-0.10410697230181698,-0.34362492853060567,-0.16027874564456557
2025-05-06,-0.0714285714285714,0.17595818815335473,0.1250740960283736
2025-05-07,0.10792192881728901,-0.15629629629633945,-0.10537407797682008
2025-05-08,0.9678756476684454,0.3511852502196684,0.24263839811537613
2025-05-09,-0.08320168509741677,-0.0448343079922322,0.005687203791507445
2025-05-12,-0.652498564043692,-0.2360544217686512,-0.3039585296890164
2025-05-13,-1.4727272727271252,0.14514692787152095,0.2802979011512148
2025-05-14,1.1398601398607093,-0.1796267496111752,-0.048122686409391435
2025-05-15,-2.0147058823532644,0.6369668246445317,0.15388888888891317
2025-05-16,-2.2946859903378147,0.202663578459773,0.034665382763656716
2025-05-19,1.7462686567167318,-0.19114106884919546,0.04885993485329809
2025-05-21,-1.4814311594202552,0.8363292336802639,-0.10319042871384654
2025-05-22,-0.33207902163679226,-0.17516743946427005,-0.01445247359635371
2025-05-23,1.140845070422528,0.43035602748294344,0.12013536379002909
2025-05-27,0.22368421052628107,0.08078602620089059,0.05589123867072776
2025-05-28,-0.12526881720429472,-0.041616161616188085,-0.015736766809725244
2025-05-29,-0.07805777504612188,-0.038785834738621294,-0.08769379844950209
2025-05-30,0.09333333333330907,0.06140350877199552,0.0711630377056931
2025-06-02,-0.024999999999991696,0.10578512396691786,0.0575111551809544
2025-06-03,0.14258911819891718,-0.07137518684603283,-0.022972339428110722
2025-06-04,-0.11001642036125725,-0.1388329979879548,-0.06621880998068574
2025-06-05,0.9231242312423134,0.31121495327102644,0.3828365878724844
2025-06-06,-0.07099456347940947,-0.32501781895934234,-0.17614269788182113
2025-06-09,0.6588640275387854,0.2206969376979071,0.13080739738391722
2025-06-10,-0.16351940236565543,0.012975778546760575,-0.01356202632636394
2025-06-11,-0.35871992061521485,-0.2643040136635564,-0.24706833805090456
2025-06-12,0.5516441005802715,0.31456761462566507,0.2781954887217104
2025-06-13,-0.1805036150585808,-0.02869757174391374,-0.030672268907545597
2025-06-16,0.5609978703984861,0.02727272727274377,0.026441265713072815
2025-06-18,-0.7466380822451739,-0.4910179640718785,-0.529037390612553
2025-06-19,0.5615384615385455,0.5662745098038702,0.15793918918925476
2025-06-20,0.3512315270935378,0.20230345518282444,0.27206418672496757
2025-06-23,0.3047757929274033,0.13619325281134564,-0.04128440366979036
2025-06-24,-0.25426096675045506,-0.14846041055722115,-0.10047846889943413
2025-06-25,-0.023229674035248782,-0.010331467929314164,0.1735372340424608
2025-06-26,0.6187188339086835,0.2113962592430807,0.2657223796034338
2025-06-27,-0.05236966824642619,-0.1019748653500937,-0.17815577439576347
2025-06-30,-0.02850712678168099,-0.05237904838069962,-0.06100217864918611
2025-07-01,-0.105791505791473,-0.26075949367091034,-0.13341067285378783
2025-07-02,-0.08923431203224585,-0.11757990867577928,-0.11780455153950187
2025-07-03,0.05214917825535936,-0.06985769728331104,-0.11305007587251503
2025-07-04,0.08110543706820827,-0.0486787204451159,0.017108639863192332
