trade_date,PC1,PC2,PC3
2020-07-06,0.7256674202540202,-0.20493468591428082,-0.3074601398084627
2020-07-07,0.5431425035657554,-0.16437717912555455,-0.23118114870943432
2020-07-08,0.553357100871043,-0.15157470389954864,-0.2501172252059442
2020-07-09,0.5278527208663589,-0.11798322094190748,-0.19234524256757438
2020-07-10,0.6795551691015411,-0.16621005319772675,-0.1702695048322959
2020-07-13,0.7417728180558769,-0.14243592980245115,-0.08963384145794698
2020-07-15,0.5343385504997304,-0.10359647433098026,-0.1349672314295852
2020-07-16,0.7352728919151883,-0.16176254604190715,-0.12387458011867453
2020-07-17,0.7758654120593418,-0.14659905054189404,-0.05705297613070857
2020-07-20,0.685153872068329,-0.10462879943484396,-0.0417089421509197
2020-07-21,0.6952972045642493,-0.11568839804249478,-0.0864580976393912
2020-07-22,0.7479524536521754,-0.12110407994300662,-0.11732037000831527
2020-07-23,0.8588978017133012,-0.14881643785938553,-0.1436570093934873
2020-07-24,0.764678460109518,-0.12118040669273948,-0.1629572045557918
2020-07-27,0.5262571440703862,-0.054332306848908066,-0.09152663882560765
2020-07-28,0.6442295783684191,-0.08558164309967377,-0.10951631663828724
2020-07-29,0.5971141660608442,-0.055660918408753327,-0.08869566586359243
2020-07-30,0.655339142828117,-0.00853781149443976,-0.08622227197491712
2020-07-31,0.6583312673560352,-0.003545415195387799,-0.08662576245628294
2020-08-03,0.6493434107609142,0.013682814122651068,-0.024473794300491306
2020-08-04,0.5181642546296755,0.027137278848358863,0.012855450490063999
2020-08-05,0.5770412954970945,0.038044500307500555,0.07824188208923663
2020-08-06,0.49193471449235987,0.03510001127477857,0.08559653356987305
2020-08-07,0.4369447653072694,0.09342654249391696,0.062036732649214596
2020-08-10,0.4325305135287223,0.04705638438947961,0.046103879058935364
2020-08-11,0.37995801226152964,0.0441287219084534,0.04183773370812684
2020-08-12,0.4464482989872425,0.0855401368172302,0.03493248411688215
2020-08-13,0.5092353975597227,0.1012702745242623,0.0202625529711808
2020-08-14,0.5920609176618536,0.11991124816062497,0.021479564007732755
2020-08-17,0.5040985991444948,0.06641665373232707,0.057103024056773144
2020-08-19,0.6187225848677842,-0.08913544798575616,-0.0895485582343499
2020-08-20,0.6361837201396777,-0.09018463308543909,-0.05740824921430897
2020-08-21,0.6610804888296893,-0.09901026073073584,-0.06634633638703141
2020-08-24,0.5701735622982143,-0.06838706688502631,-0.024122754819605883
2020-08-25,0.5638575396866214,-0.04416120764794693,-0.02430154435627587
2020-08-26,0.6721900532893872,-0.021966429125501858,-0.04305229172366129
2020-08-27,0.697697046790022,-0.018412624239419428,-0.06302005012759865
2020-08-28,0.753457059125595,0.0008544918019994475,-0.08603694284579254
2020-09-01,0.7205322063071287,-0.021856449272377523,-0.02065705083907447
2020-09-02,0.5978022636634259,0.029438798924328935,0.041355499595618454
2020-09-03,0.6481051870393812,0.015857527793801108,-0.006748189248078797
2020-09-04,0.7801317938112284,-0.022465765125737953,-0.008043943915773403
2020-09-07,0.829712170550503,-0.02453049894376367,-0.0033743080835990534
2020-09-08,0.8090102019093395,0.04097996879727244,-0.021232791264655722
2020-09-09,0.8170801253273174,0.023921219530395048,-0.003731887156939067
2020-09-10,0.8170801253273174,0.023921219530395048,-0.003731887156939067
2020-09-11,1.0262384227135248,0.18382153405657398,-0.01748993533894794
2020-09-14,0.8487077548990828,-0.00809789208194248,0.0033586915634302274
2020-09-16,0.8226789417101553,-0.11427537737321437,-0.03548210955297646
2020-09-17,0.8669447591085465,-0.10146435069587337,-0.004273111862382306
2020-09-18,0.961359487252792,-0.1177533246011788,-0.01185246428771454
2020-09-21,0.9022755768335444,-0.10780218510646629,0.010582148412443624
2020-09-22,0.9365635573774715,-0.10061824858456851,0.0162834661520454
2020-09-23,0.7290729037921078,-0.08153827162723855,0.06349916608951457
2020-09-24,0.6045979298574354,-0.10676083945965252,0.009443881007034126
2020-09-25,0.4606028249739155,-0.08840713173632134,0.012353597600191927
2020-09-28,0.3116663082156299,-0.09355998754358479,0.025224237691305516
2020-09-29,0.46743452467036045,-0.10329116733204867,0.04758010676032109
2020-09-30,0.5043943391978158,-0.08910960089111042,-0.009049333192538696
2020-10-01,0.32609977075900226,-0.04573441147448217,0.04910056237271147
2020-10-02,0.5019293747661162,-0.1169655917640051,-0.034539619799407915
2020-10-05,0.283546480256635,-0.04720665599084315,0.05277788811302964
2020-10-06,0.18295211651609083,-0.05224953194498227,0.08804376908873005
2020-10-07,0.2290246916425949,-0.06864848570341205,0.058069175778811044
2020-10-08,0.39781572640143525,-0.10413726944335347,0.027023528745893387
2020-10-09,0.6037619622281933,-0.11409742948101607,-0.08753110582752083
2020-10-12,0.3725270854639954,-0.16075485349848487,-0.10177125386119425
2020-10-13,0.31714636319798045,-0.1251224368020277,-0.07157195960657943
2020-10-14,0.2079549159432398,-0.09024296891544673,-0.02791320565036065
2020-10-15,0.27368662252983644,-0.15863061948242196,-0.04918325831444712
2020-10-16,0.17499402962233798,-0.2342695127780778,-0.029671441392355995
2020-10-19,0.07003293061704856,-0.19657236226359487,-0.004141782969915545
2020-10-21,0.4029754908393959,-0.13369448508180784,-0.1316999357630874
2020-10-22,0.29820977837456863,-0.08465027730598432,-0.13304982492828354
2020-10-23,0.2633946377344229,-0.06897061925403931,-0.11285736557965032
2020-10-26,0.19376435645413143,-0.03761130315014934,-0.07247244688238393
2020-10-27,0.21185349063693465,-0.053214634452361444,-0.04702807168354056
2020-10-28,0.20585775856973193,-0.030994008835270606,0.014720405990885217
2020-10-29,0.23682184102998458,0.0054081832227584874,0.01983944371245122
2020-10-30,0.24052502918321722,0.03108946042450316,0.027604125266907954
2020-11-02,0.2731954959360533,-0.014451422120325085,0.043848646522501304
2020-11-03,0.2642191223522987,-0.029428611017481024,0.04505911796659875
2020-11-04,0.24573921508857105,-0.03651939423795013,0.07337383794302865
2020-11-05,0.20214308740513293,-0.024469867821820465,0.06789722114812267
2020-11-06,0.15275809720632072,-0.011058076742454128,0.0363480377283117
2020-11-09,0.16473807832935983,-0.023293909761441023,-0.02620742090884573
2020-11-10,0.06590909840656725,-0.053375093960572904,-0.03456092207379281
2020-11-11,0.09122070536673986,-0.06116834633583109,-0.027649132890093565
2020-11-12,0.10509097431145828,-0.11179477848113993,-0.04501715886916607
2020-11-13,0.1309182583564831,-0.11024620721504605,-0.0030576500620076693
2020-11-16,0.16130766420671544,-0.1400906051562336,0.02175853371077405
2020-11-18,0.16349985460782684,-0.021119196090290972,-0.008481815856433237
2020-11-19,0.16349985460782684,-0.021119196090290972,-0.008481815856433237
2020-11-20,0.20059605615057632,-0.05249533874587667,-0.03724593772225478
2020-11-23,0.15627738183045747,-0.028929275017244876,0.010050770158710885
2020-11-24,0.18087792516531565,-0.05741140829519575,0.008794387306587593
2020-11-25,0.13110216188557897,-0.06669373173851065,0.031004299062049868
2020-11-26,0.1894750086795121,-0.09733375213591584,0.00040151432606922756
2020-11-27,0.2515510436266779,-0.10229249533157639,-0.02243658885545468
2020-11-30,0.24348112020869997,-0.08523374606469902,-0.03993749296317133
2020-12-01,0.2564924555014435,-0.07878593180098178,-0.032397512353410436
2020-12-02,0.28446441343377793,-0.04737613604200466,-0.02687498415047864
2020-12-03,0.3194634576030196,-0.01950331861741424,-0.013005494375054279
2020-12-04,0.2570671321114638,-0.012539341801765153,-0.052094658404626154
2020-12-07,0.1448950433401714,-0.014857688429430947,-0.06897391067873575
2020-12-08,0.03955465426532386,-0.03206007065282405,-0.0506266537927162
2020-12-09,0.08933041754506055,-0.022777747209509168,-0.07283656554817847
2020-12-10,0.12656300610310417,-0.09971159896161881,-0.07373536932696179
2020-12-11,0.11107522336729467,-0.10180998588303598,-0.045824139831897696
2020-12-14,0.03840530104528322,-0.16455325065125734,-0.011232361690284763
2020-12-16,0.3187753600004379,-0.10460303595049651,-0.14305665983426516
2020-12-17,0.31597862201298194,-0.09824837498820786,-0.16953271694053598
2020-12-18,0.3565826251685018,-0.11529029770338954,-0.16365260966426418
2020-12-21,0.27405594391747506,-0.07712947786337446,-0.13474710078698282
2020-12-22,0.25256352452959197,-0.0994243664927108,-0.14816685197363702
2020-12-23,0.31558784893205744,-0.12094248951088911,-0.11577362176526272
2020-12-24,0.2990572290151772,-0.1095191054998156,-0.0970163348054228
2020-12-29,0.35174236900209843,-0.08690104137591069,-0.08450131932251825
2020-12-30,0.27288668840302965,-0.04465160671553134,-0.07902011740028862
2020-12-31,0.20626001466202273,-0.04050531252778417,-0.09998018589608218
2021-01-04,0.19955321896950556,-0.038973567813386005,-0.04639988025747893
2021-01-05,0.3335291130882002,-0.05878269350138243,-0.057253067941763415
2021-01-06,0.3335291130882002,-0.05878269350138243,-0.057253067941763415
2021-01-07,0.22785695045759635,-0.041774423889592224,-0.039891581555145494
2021-01-08,0.2361222604160365,-0.04748611589512897,-0.049270225035065465
2021-01-11,0.22429014931965788,-0.11301341018786083,-0.019790945022563965
2021-01-12,0.3433169038101279,-0.18998993558631194,-0.08956817701171357
2021-01-13,0.2919826262644683,-0.19509231173848826,-0.11155992741493459
2021-01-14,0.41731392035516474,-0.264089278158824,-0.12021687315572008
2021-01-15,0.3304419555326785,-0.24199545894655314,-0.06924283953443622
2021-01-18,0.45795395701311997,-0.15981559808575146,-0.047198638130734764
2021-01-20,0.6343467546188879,-0.13259477016086302,-0.08959446964237568
2021-01-21,0.5564626463915227,-0.12772918026663105,-0.1007724041768835
2021-01-22,0.5735089433932551,-0.12981074063635248,-0.0844819715132643
2021-01-25,0.527436368266751,-0.11341178687792271,-0.054507378203345294
2021-01-26,0.530233106254207,-0.11976644784021133,-0.02803132109707446
2021-01-27,0.47837166861232877,-0.10200522941854491,-0.02412929441206046
2021-01-28,0.6659927920782818,-0.10437471753358904,0.02181489364151625
2021-01-29,0.6065472172042828,-0.08824667222810988,-0.0001135520095558297
2021-02-01,0.5475055963069612,-0.06347592384779807,-0.04709075674121305
2021-02-02,0.624499964371792,-0.05829229443379802,-0.0025344948977507175
2021-02-03,0.6753185648325994,-0.06253174192297385,-0.015590464117988895
2021-02-04,0.5727863967565743,-0.11829420332385036,-0.031708646837392634
2021-02-05,0.7394917571532732,-0.12673944519881047,-0.08106217894075868
2021-02-08,0.7825132082266909,-0.20503556161415673,-0.05588841609463696
2021-02-09,0.7577172783513705,-0.1879004855975465,-0.027752485654877094
2021-02-10,0.6432641286774743,-0.17452234762157162,-0.03606007541179835
2021-02-11,0.6777360127504973,-0.12378593562313848,0.003703191451861005
2021-02-12,0.9653354494366129,-0.18318746559248197,0.05164285344081874
2021-02-15,1.1106752940806357,-0.05770093605603933,-0.01754070284240714
2021-02-17,0.8940447159092034,-0.19870674774651384,-0.1628636982427189
2021-02-18,0.9386836807737122,-0.2242780450951342,-0.1482331389125888
2021-02-19,1.079366370584924,-0.24561891549752884,-0.21266663223547652
2021-02-22,0.9423983519383112,-0.23080218610858433,-0.20140995406982629
2021-02-23,0.8870176296722962,-0.19516976941212713,-0.17121065981521144
2021-02-24,1.0062168046804958,-0.19638840111884812,-0.1459844459686093
2021-02-25,0.9721242106770308,-0.1922252803794052,-0.1785653112958477
2021-02-26,0.8863425995494172,-0.09454304752656567,-0.1122407041023205
2021-03-01,0.8982996146497235,-0.04236804411516299,-0.05291316931608958
2021-03-02,1.080949435341916,-0.09627784178521849,-0.040385345616385654
2021-03-03,0.918142649638912,-0.0508042654471731,-0.010146679546199546
2021-03-04,0.8979088415687991,-0.06506215863784423,0.000845925859183717
2021-03-05,0.8632178226597592,-0.061897517158197204,-0.03165424137178278
2021-03-08,0.9680662829453092,-0.11928506931557692,-0.0654327699263177
2021-03-09,0.9355322032077672,-0.11930189586727263,-0.053811973094872886
2021-03-10,0.8754054556074488,-0.09582898544006947,-0.04053130292993895
2021-03-11,0.7971420573105255,-0.14586292828371358,-0.05889163900086766
2021-03-12,0.9640313212363202,-0.11075569468213825,-0.07418322198017603
2021-03-15,0.9905336354042242,-0.20983384530160584,-0.09119366888590862
2021-03-17,0.9439568662042341,-0.23498213339972296,-0.15720829191114294
2021-03-18,1.013059987388307,-0.2434778549297702,-0.17169943352017436
2021-03-19,1.0543750541691415,-0.23983089674225916,-0.15765115420807999
2021-03-22,0.9374454570521793,-0.22210333142398414,-0.13050753386017633
2021-03-23,0.8099694890741731,-0.1829675894965317,-0.08541360751516427
2021-03-24,0.6957117259407392,-0.15824239425921618,-0.12060074485972214
2021-03-25,0.7961107031408211,-0.16454657556641772,-0.12898707824778596
2021-03-26,0.7961107031408211,-0.16454657556641772,-0.12898707824778596
2021-03-29,0.7352728919151883,-0.16176254604190715,-0.12387458011867453
2021-03-30,0.6320656937162842,-0.11689828555722229,-0.08102280712518736
2021-03-31,0.6512566646053263,-0.08911862143406048,-0.10116935506579473
2021-04-01,0.7018798785256715,-0.10470512618457684,-0.08734577669839631
2021-04-06,0.7862753959050917,-0.12244951805454754,-0.10286860021485505
2021-04-07,0.6841110348872582,-0.0911070285023533,-0.05086288468614387
2021-04-08,0.696079532998931,-0.07113744330614537,-0.05247684661160713
2021-04-09,0.6482530570660416,-0.061905599517917645,-0.03982436787273477
2021-04-12,0.5628261855169171,-0.06284485493065108,-0.09439698360319419
2021-04-13,0.5401159300037383,-0.07275332077902212,-0.047953168092986
2021-04-14,0.63224959724538,-0.07334581008068687,-0.04696085800112984
2021-04-15,0.7387692105165924,-0.11522290788630833,-0.02828885426488702
2021-04-16,0.7801432768225948,-0.05467118334093276,-0.06898544062746755
2021-04-19,0.6911496041355316,-0.1268494250519348,-0.10345741982534547
2021-04-21,0.7698811630035055,-0.15658384313999799,-0.05624599516797694
2021-04-22,0.735261408903822,-0.12955712782671241,-0.0629330834069803
2021-04-23,0.7577762778765386,-0.13099571923968192,-0.08249735132955185
2021-04-26,0.7400189172494916,-0.1496030397726532,-0.10695595602899369
2021-04-27,0.6260814446604478,-0.12688307815532626,-0.0802158261624557
2021-04-28,0.7039770358991794,-0.16395408626475297,-0.12997938833964215
2021-04-29,0.6999305911788241,-0.1232192934161195,-0.07778834368180636
2021-04-30,0.6587994279270856,-0.08331377612709513,-0.05777467386984308
2021-05-04,0.6209921627590216,-0.07262651437420208,-0.03717872403984405
2021-05-05,0.5824738339656433,-0.08262813352400175,-0.024750946245667524
2021-05-06,0.6616076489259078,-0.12187385530457853,-0.09224011347526638
2021-05-07,0.6215193228552403,-0.09549010894804486,-0.06307250112807906
2021-05-10,0.47876244169325316,-0.07931111489586368,-0.07788838958733373
2021-05-11,0.3162399130322038,-0.157158374966061,-0.052860584054765326
2021-05-12,0.26301534766486484,-0.12387015199191535,-0.12003976711607126
2021-05-13,0.1432775295490803,-0.06758250749615692,-0.05843070716274418
2021-05-14,-0.1415956516861137,-0.039234986631771746,0.035792050340938006
2021-05-17,-0.13247140807569868,-0.10202092504633459,0.0015054002721846445
2021-05-19,0.1513474529670582,-0.08464125676303429,-0.04092980305502753
2021-05-20,0.2290476576653276,-0.13305932213380164,-0.06381381764457726
2021-05-21,0.31871636047526974,-0.1615078023083611,-0.08831179415959028
2021-05-24,0.25402749106974387,-0.10664192267387648,-0.05788779896027964
2021-05-25,0.2580624527787328,-0.11517129730731517,-0.04913734690642131
2021-05-26,0.24257467004292332,-0.11726968422873231,-0.021226117411357236
2021-05-27,0.19473409760271695,-0.11297771006903337,0.014563633804776733
2021-05-28,0.18608062805930312,-0.09281484474245426,0.11550559669440247
2021-06-01,0.2038494716977164,-0.1064129424246778,0.07902270468215006
2021-06-02,0.09242982046209974,-0.09221408034042902,0.052747415583997405
2021-06-03,0.02803135070196885,-0.06738718035034967,0.10172139014257524
2021-06-04,0.08835348484274942,-0.07951303351621224,0.06156117239000466
2021-06-07,0.05263189403682703,-0.09586931362830055,0.10046500729045196
2021-06-08,-0.06304799634723579,-0.11252188019637036,0.04894152587424902
2021-06-09,-0.03136136725030237,-0.0876362254508434,0.001287238919943396
2021-06-10,-0.11451866090818957,-0.07206654725202273,-0.0009155426160102368
2021-06-11,-0.14054133149367662,-0.08496217577945721,-0.015995503835532016
2021-06-14,-0.2574709286106388,-0.0672346104611822,0.011148116512371707
2021-06-16,-0.020755996864090357,-0.052139635702156274,-0.07140793275183978
2021-06-17,0.007547734624000441,-0.05494049177836249,-0.06489963404950634
2021-06-18,0.04112465154261319,-0.06844543615915745,-0.06736648834572706
2021-06-21,0.1077628082949865,-0.1047971485620994,-0.10734791656162766
2021-06-22,0.07119376684845555,-0.09628460048035643,-0.10447757178404113
2021-06-23,-0.05010256553325192,-0.0358170086934594,-0.08707017398939736
2021-06-24,0.009508504982214222,-0.06863174276201466,-0.13539856377779047
2021-06-25,0.0376168499298428,-0.08277965609956148,-0.10201071748782041
2021-06-28,0.007032057539148234,-0.06428231541971456,-0.0999473536729655
2021-06-29,0.16932316615730003,-0.119097715399112,-0.1652337393666107
2021-06-30,0.21891502590794087,-0.15336786743233255,-0.22150560024613056
2021-07-01,-0.018599839965414342,-0.05448382942446782,-0.16878641006776052
2021-07-02,-0.06743665266896427,-0.01047246204596236,-0.07749910880329153
2021-07-05,-0.08891129397202525,-0.015779648198853826,-0.09319237555448805
2021-07-06,-0.079046095837279,-0.029842959686270952,-0.07593356573559323
2021-07-07,-0.14440909170774446,0.012877079279007272,-0.01856546447162604
2021-07-08,-0.2280665215737206,0.007329713042942371,-0.029295424163352193
2021-07-09,-0.24615449459911234,-0.011049139809802412,-0.05337888312358893
2021-07-12,-0.14945870555226307,-0.04303459831874856,-0.06952989806610944
2021-07-13,-0.25337696737648174,-0.018859218736756316,-0.03484629710844485
2021-07-14,-0.3344177801616935,0.01669194469788997,-0.027211514294101714
2021-07-15,-0.2681599775758969,-0.005540564236767236,-0.06404212969926984
2021-07-16,-0.28362998621141994,-0.03457252989209273,-0.031797162794188295
2021-07-19,-0.26099021323477556,-0.04936341218639145,0.037445384081972524
2021-07-21,-0.026544859379464505,-0.05077737103891961,-0.09748049937674479
2021-07-22,0.046436601372103176,-0.07654520328785831,-0.13831732741314196
2021-07-23,0.08864231994247883,-0.10787746454259144,-0.20288773100738933
2021-07-26,0.1473239742694356,-0.1083173003447904,-0.11062175182058001
2021-07-27,0.11550095815720807,-0.08764524599379343,-0.09083278295331262
2021-07-28,-0.0028032496965812283,-0.02218525790784442,-0.07382887564003467
2021-07-29,-0.039372291143112165,-0.013672709826101455,-0.07095853086244813
2021-07-30,-0.10776434870187064,0.015511892606638484,-0.04829921721759421
2021-08-02,-0.11075647322978883,0.01051949630758651,-0.0478957267362284
2021-08-03,-0.10229577673088647,0.016154861563390358,-0.08415391780378498
2021-08-04,-0.1012529395498157,0.0026330906308997108,-0.07499997526856084
2021-08-05,-0.07418743178325789,0.0020069482258435324,-0.050766071513814924
2021-08-06,-0.15943039980328663,0.044620168289645525,-0.07127673812021684
2021-08-09,-0.2042647512082577,0.05884440837692524,-0.05902774986271034
2021-08-10,-0.10951824950825584,0.008344782636436463,-0.06562133178864088
2021-08-11,-0.17139889791495938,0.024650583093437612,-0.06966277619475358
2021-08-12,-0.23048280833420698,0.034601722588150134,-0.04722816349459548
2021-08-13,-0.14804806131300055,0.03054858170183158,0.007747942717229787
2021-08-16,-0.0627690597905364,0.10925096442628374,0.09539673707234517
2021-08-18,0.02899680039291362,0.02155352417154819,0.02826514891608627
2021-08-19,0.30801063657619904,-0.03013108017227008,0.023656187173868123
2021-08-20,0.4432132714050603,-0.01990950131622175,0.05601889114886527
2021-08-23,0.7696275791333896,-0.006066535016333486,0.1338415945997985
2021-08-24,0.2758443638968488,0.05695704422910501,0.10340088225342806
2021-08-25,0.3510681211520522,0.012888406200637754,0.11596807776870327
2021-08-26,0.4973442869381759,-0.021161786126334108,0.10448669865835711
2021-08-27,0.47431374088060707,-0.02906501835471664,0.08900324695746956
2021-08-31,0.5511779779496343,-0.0848196737468475,-0.030855754466635164
2021-09-01,0.3859062278149306,-0.06720208828169683,-0.02610737500331828
2021-09-02,0.19375287344276507,-0.005405884934954567,-0.011530950170689763
2021-09-03,0.2172990965851861,0.011839170934780012,0.039000221153656985
2021-09-06,0.2733908824765155,-0.00310436485898448,0.016969098934864695
2021-09-07,0.036551046726039316,-0.004847048736681238,0.010718333400343779
2021-09-08,-0.023439313858984918,-0.026931847406002008,0.05186432165231597
2021-09-09,0.058675142617831515,-0.02897975467233202,0.044913160653045466
2021-09-10,0.2413839628351921,-0.025984785984522914,0.002696118678074547
2021-09-13,0.21815803023716102,-0.04523507547424604,0.01409221456482359
2021-09-15,0.3064865713443751,-0.12256738752671588,-0.2033699651198977
2021-09-16,0.27818283985628434,-0.11976653145050965,-0.20987826382223113
2021-09-17,0.3487080882909861,-0.08688449117517157,-0.20803306135961747
2021-09-20,0.4698864415450281,-0.04155520962593315,-0.1489869926777767
2021-09-21,0.46841145737267154,-0.04655588102534558,-0.08681763117786205
2021-09-22,0.6841110348872582,-0.0911070285023533,-0.05086288468614387
2021-09-23,0.6940589808427271,-0.11351368437132661,-0.06873249258698015
2021-09-24,0.6897045108621701,-0.10381635042693056,0.0020892295263977463
2021-09-27,0.6039343827459228,-0.038339535789285846,0.007472340008230891
2021-09-28,0.5117892324929146,-0.005541628272426328,0.06742152662806894
2021-09-29,0.6499954748610605,-0.022533071332520818,0.03843924341000605
2021-09-30,0.5278041753249427,-0.026306835924851862,0.01361652004476979
2021-10-01,0.5002115074621664,-0.0028170989459530057,0.015276393378258887
2021-10-04,0.5146564530169051,0.012803058907954802,-0.021788778652029304
2021-10-05,0.5047736292673739,-0.03421006815323437,-0.0018669316561177897
2021-10-06,0.612169801805368,-0.0720849738192393,-0.04528359132351762
2021-10-07,0.6526312753421534,-0.13685104420173444,-0.09102964203116896
2021-10-08,0.7480773576561033,-0.13445637082433579,-0.028513555209582857
2021-10-11,1.0777619242735357,-0.11261729534561106,-0.013102307547383148
2021-10-12,1.0713570311604506,0.04627645756105162,-0.03494978413407217
2021-10-13,1.5641388030489527,0.21220938310919027,-0.06426348805565658
2021-10-14,2.1846387035422445,0.8795138949770369,-0.3669260059969328
2021-10-15,3.9719368458210718,2.7542669051280204,-0.6989092303695662
2021-10-18,14.737010902019033,20.147861125538384,-1.6032193255770153
2021-10-20,2.4785801981859827,0.06930735394854223,0.22441601223722746
2021-10-21,3.032887878902699,0.3175559673052524,0.32004097564574246
2021-10-22,2.465296088862651,0.1539749578778726,0.16114539545339018
2021-10-25,2.2894611643702816,0.5702998191982926,0.2964516493612231
2021-10-26,2.239010370967666,0.6616442176405392,0.3776315168295763
2021-10-27,1.8647098055084577,0.6009656030800451,0.22570671641385828
2021-10-28,3.3585996522729835,0.8406928986429577,0.7718821413470008
2021-10-29,4.553851080041606,2.185509270972008,0.9659561728771172
2021-11-01,7.888763150854633,3.1152601599270833,1.7677361400581908
2021-11-02,5.305461881412043,1.4945097107331957,1.3643666859038417
2021-11-03,3.8758762934982296,1.49011068382882,0.8322509359706819
2021-11-04,5.192673019615559,2.0897729387617163,1.1441405525438857
2021-11-05,4.776982993474829,2.004934389416125,0.38635662831078854
2021-11-08,5.491833202488567,1.8461068117923392,0.3477070197188977
2021-11-09,4.351627829454141,1.7208761569133484,0.4664672598140081
2021-11-10,3.643757932590988,1.3470064852169286,0.7148391700654343
2021-11-11,3.8770362876887807,0.9324165017654598,0.6895245003968228
2021-11-12,3.2806281583990864,0.1001262093812521,1.1541794620105992
2021-11-15,1.6177854973285013,-0.8700575581952426,0.4407140948031952
2021-11-17,0.9438038042551274,-0.11974174839152296,0.002084617546918674
2021-11-18,2.063274115906444,-0.404868120617017,0.38888366755626746
2021-11-19,2.8664200014616337,-0.32647989821384976,0.5655589872985339
2021-11-22,2.9376854420704936,-0.02443155065050649,0.4444139433976015
2021-11-23,2.590324737946435,0.36766606967803295,0.02034426081383435
2021-11-24,1.9150885319062023,0.2669899990612903,0.010250593448078146
2021-11-25,2.269931514971892,0.7038926305073724,0.1173158806543467
2021-11-26,2.604000462391547,0.963674524117982,0.07224642918213177
2021-11-29,2.2613213639779928,0.5580885351294488,-0.06331236753723671
2021-11-30,2.112355718670863,0.30445825293687295,0.08071669095324552
2021-12-01,1.732444031699265,-0.024193884299550963,-0.05394330198733966
2021-12-02,2.9437294330789783,-0.3975920781072984,0.5964340678842576
2021-12-03,2.347483750030125,-0.3647943378110354,0.2926893690537822
2021-12-06,2.1940019149632537,-0.715853323657109,0.21009576573186442
2021-12-07,1.306376219584926,-0.5468728551388587,-0.23196346040373864
2021-12-08,0.892343652101875,-0.46185735417455337,-0.22565525351246013
2021-12-09,0.9171395819771955,-0.4789924301911636,-0.25379118395221995
2021-12-10,0.6939447576546512,-0.3511359434480619,-0.32694398060287055
2021-12-13,0.44449126464594757,-0.463794150663853,-0.1961972757743435
2021-12-15,1.9152631039725143,-0.4382095031455533,-0.4463372682194758
2021-12-16,1.690114414245348,-0.42382358901585787,-0.2506945889937602
2021-12-17,1.9324343049781747,-0.45364335439660397,-0.3412400207571242
2021-12-20,1.489339425867917,-0.47562606283184444,-0.355804915641021
2021-12-21,1.7016921392760962,-0.4265481183423312,-0.19854945574395028
2021-12-22,1.8728416224276663,-0.5801958621403017,-0.15555658153234317
2021-12-23,1.5318697503475514,-0.40974298188509384,-0.23759924795795087
2021-12-24,1.6725524401587633,-0.4310838522874885,-0.3020327412808386
2021-12-29,2.006603742040941,-0.4519848032773858,-0.2768852710653789
2021-12-30,1.6029451249012046,-0.4641353726139881,-0.3835308160069604
2021-12-31,1.2112090738276753,-0.3274946838936033,-0.24802433602722865
2022-01-04,1.2112090738276753,-0.3274946838936033,-0.24802433602722865
2022-01-05,0.95673678145408,-0.36119697918560045,-0.18992689146245892
2022-01-06,0.8744154554254351,-0.33829071096541624,-0.09515468616385758
2022-01-07,1.249722824563279,-0.41244947012566713,-0.0012140709616288265
2022-01-10,0.7838632684724489,-0.4062890053852797,-0.1738283275204188
2022-01-11,1.0088709931265465,-0.47007361580031476,-0.13809828197339638
2022-01-12,1.1942448709366527,-0.6405356169308224,-0.3663919686912191
2022-01-13,1.0403376851919486,-0.6100560393195773,-0.286952645800473
2022-01-14,0.9601610330506133,-0.5572885466065098,-0.22861742110609828
2022-01-17,1.121718112020718,-0.5683819910582104,-0.18018898541217773
2022-01-19,1.2843900951767642,-0.3503660008658934,0.011669648314393813
2022-01-20,1.3703441268221073,-0.3722903400270027,0.040348486956618405
2022-01-21,1.6554900820878897,-0.4917532790844357,0.001856365627012767
2022-01-24,1.5918440498634345,-0.4504091703824419,0.041434303361547416
2022-01-25,1.5368065841645422,-0.4811928237363628,0.011677871403869677
2022-01-26,1.7662515266199195,-0.56301811247735,-0.058542222882217054
2022-01-27,2.014153410316292,-0.5733417815674787,-0.03519404372134514
2022-01-28,1.9182162014085589,-0.4315572575827806,-0.0046782257059829165
2022-01-31,1.9087011847172193,-0.39146543369089887,0.08336751953804375
2022-02-01,1.5443378644749353,-0.4431825602142026,0.11601404931151564
2022-02-02,1.7350100920713039,-0.6032612917241947,0.13984614608191684
2022-02-03,1.67788695201027,-0.6070014032131343,0.09178182905379086
2022-02-04,1.444145756826682,-0.4577367398608553,0.03657933840024856
2022-02-07,1.5093617863284263,-0.5354662140691825,-0.019738433887297062
2022-02-08,1.597376941844842,-0.7379551160987222,-0.10083133463503208
2022-02-09,1.8884956631550942,-0.8152278443428564,-0.07918894021567514
2022-02-10,2.0808329210563556,-0.8334715722130633,-0.05970341592424599
2022-02-11,1.6072712486057397,-0.7231474072527277,-0.18169467834263775
2022-02-14,2.16615253413903,-0.5384971813184934,-0.16415453668019353
2022-02-16,1.8532775239951775,-0.34998679618563766,-0.151867860104137
2022-02-17,1.917693619370115,-0.31373725762707433,-0.23802249147752422
2022-02-18,2.02104868759568,-0.4363646454234781,-0.3139504430956672
2022-02-21,2.0445949107381005,-0.41911958955374334,-0.2634192717713206
2022-02-22,1.993065246651979,-0.43556902296726036,-0.25853147458690484
2022-02-23,1.897537198790128,-0.4304576262721339,-0.14441970231042794
2022-02-24,1.9295441184314515,-0.40757720514659546,-0.1301467220536378
2022-02-25,1.8134619719550977,-0.41471846802215173,-0.06696961158287325
2022-02-28,1.5046517944965585,-0.4263101175501825,0.03048106977173542
2022-03-01,1.3795863694828585,-0.32126674572583636,-0.10342789446148477
2022-03-02,1.4029126555937483,-0.46888976812089134,-0.15409680000990905
2022-03-03,1.494689998788565,-0.5887926265908217,-0.2821698848778621
2022-03-04,1.3040407372149287,-0.4931247315112191,-0.42788497507165174
2022-03-07,0.1943374485958154,-0.18929657058477126,-0.3421322108173956
2022-03-08,-0.18866513194822315,-0.1381359348016305,-0.18715328573114381
2022-03-09,0.07462950145635515,-0.3245815861164607,-0.20410959813937474
2022-03-10,0.19203874215573416,-0.4542829305816378,-0.26334362661253274
2022-03-11,-0.1166534362524692,-0.35206504739393923,-0.2753826766072737
2022-03-14,-0.19339435378590497,-0.5275945403169761,-0.3166794782682326
2022-03-16,0.9864511571814333,-0.2904146552412265,-0.10614075197678628
2022-03-17,0.8201595358883916,-0.3236861352739748,-0.2324293084720818
2022-03-18,0.844737113200517,-0.28775743212153604,-0.11180269790081679
2022-03-21,0.674459145878762,-0.18064025577001858,-0.049153110457834034
2022-03-22,0.4161822126726016,-0.11589961355674999,-0.15103950274096312
2022-03-23,0.675923112418944,-0.18785781195120504,0.041125942555489195
2022-03-24,0.041663294650198114,-0.12351444894819495,-0.15420176214565626
2022-03-25,0.14185540229845145,-0.10896026930154228,-0.07476705123438923
2022-03-28,0.4267056175109128,-0.07289695373553787,-0.047106815314683116
2022-03-29,0.4777196045121824,-0.06578934396337302,-0.08704233212255787
2022-03-30,0.4302363851464159,-0.1229735702255234,-0.1343455795959781
2022-03-31,0.3194749406143859,-0.05170873683260902,-0.07394699108674843
2022-04-01,0.28955369533520403,-0.10163269982312878,-0.06991208627309028
2022-04-04,0.0783342740779241,-0.08096845148087752,0.05361770129887796
2022-04-05,-0.0751053649604009,0.002176428277005035,0.028886800749693332
2022-04-06,0.019664102762333668,-0.11273403389387335,-0.09958977459962554
2022-04-07,-0.0028032496965812283,-0.02218525790784442,-0.07382887564003467
2022-04-08,0.00020035784270331844,-0.049398279823987236,-0.13517386283309463
2022-04-11,-0.010873173114559136,-0.005126508640967055,-0.09132977974775132
2022-04-12,0.08097623708512808,0.1176018384656109,-0.08512660911827745
2022-04-13,0.048773930903342415,0.08337436007873185,-0.07252004178743096
2022-04-14,0.04221500523748572,0.007142977481411257,-0.05201591477348363
2022-04-20,0.01901203866218736,-0.07651814843870146,-0.16250281231012292
2022-04-21,0.14771474735036005,-0.08562318582210916,-0.16438084699585326
2022-04-22,0.19657257745295373,-0.07617138232763278,-0.10693788648780726
2022-04-25,0.3999545945016272,0.09563487582435572,-0.016218033051298018
2022-04-26,0.35518504840894194,-0.0031470385053259313,-0.05190932927550158
2022-04-27,0.5818102868541306,-0.014206829853635066,-0.02672248724447076
2022-04-28,0.4464712650099752,0.02112930038684055,-0.08695050930650619
2022-04-29,0.388418708760432,0.04976408716425722,0.005579542640570249
2022-05-03,0.31528062586737016,0.06678918332774317,0.011320232195743291
2022-05-04,0.27728945717021036,0.033923969604100795,-0.002145767098315215
2022-05-05,1.038887271433332,-0.24192928366367628,-0.12973992471301593
2022-05-06,0.49086732682022005,-0.10489923879617971,-0.051637033425758726
2022-05-09,0.6520926322345684,-0.08178203141269692,-0.004194368231239788
2022-05-10,0.7951222874271436,-0.18907644365792597,0.06635215640209137
2022-05-11,1.0029358450528483,-0.17301636639152088,0.11886794791015048
2022-05-12,0.8078493656779326,-0.05930779298596607,0.07910299754946988
2022-05-13,1.049482743276514,0.04370458173404413,0.10846901821069103
2022-05-18,0.7603598552232459,-0.12176385872940287,-0.03347548404566198
2022-05-19,0.9913581200220999,-0.17029183706504758,0.0667228146603405
2022-05-20,0.8863311165380507,-0.062337629311370886,-0.05129920739062632
2022-05-23,0.8941282659254405,0.01171903961479966,-0.08952893945698615
2022-05-24,0.572134332656428,-0.08207831786867849,-0.09462168454789002
2022-05-25,0.431635546374312,-0.01718497198974842,0.003873757899055304
2022-05-26,0.32912682962288203,0.0378244904350563,-0.07565676531505824
2022-05-27,0.39565266454916775,0.025368747876016357,-0.07389454008626806
2022-05-30,0.38223907316413347,0.028432237304812667,0.03326607119093847
2022-05-31,0.4615567916534939,0.032738991000771336,-0.0001611469146028152
2022-06-01,0.5198591559108926,-0.02260037753930368,0.08492243073578556
2022-06-06,0.5161674507690264,-0.08048707295624313,0.016216252469634693
2022-06-07,0.5464204696039646,-0.06477376180090673,0.013167118155378164
2022-06-08,0.748480396021216,-0.1448049488258805,-0.0017147057182182342
2022-06-09,0.6561772386514474,-0.13923869388542354,-0.009913713834608295
2022-06-10,0.4994644103344166,-0.14482158263689981,-0.060029906406277075
2022-06-13,0.30634560627130614,-0.1719660838120554,0.028002759652840378
2022-06-15,0.44918603744953034,0.02228070949707695,0.11615340689782784
2022-06-16,0.5763187488604137,0.049561037620002656,0.13101520676510833
2022-06-17,0.6181609757374666,0.030344401233670982,0.11916970898896759
2022-06-20,0.881757511721477,0.001260758111105288,0.02678561435544453
2022-06-21,0.6479593294477813,0.004423481985612646,0.01942233413744587
2022-06-22,0.6507770210229094,0.022855157712841606,-0.06907894694054041
2022-06-23,0.5334681338363891,-0.014316809706759403,-0.049117728129057604
2022-06-24,0.7041494564169088,-0.08819619257302277,-0.034975942503890474
2022-06-27,0.7388941145205201,-0.1285751987676375,0.06051796053384535
2022-06-28,0.6459129966382698,-0.10311388127214151,0.02349216031912846
2022-06-29,0.7413820449749524,-0.1651300443251324,-0.035874746282673745
2022-06-30,0.6316749206353597,-0.13959240007990348,-0.027263711949914154
2022-07-01,0.5140932594182512,-0.08564894930645661,-0.06303312931250776
2022-07-04,0.5079136238219526,-0.10698079916590116,-0.035346600762139545
2022-07-05,0.33578720796807127,-0.01006834167463357,0.056058262964436556
2022-07-06,0.39573005203929373,-0.07709372757837216,0.00871564367544508
2022-07-07,0.58066093363409,-0.14670000985206832,0.012671804857960644
2022-07-08,0.4059086158421459,-0.18560685514062042,-0.07735856056977831
2022-07-11,0.39679585524309724,-0.1550263349412524,-0.10401340721271914
2022-07-12,0.22885227112486536,-0.14440637939514225,-0.036934270056940645
2022-07-13,0.38758806161644505,-0.30266618388800315,-0.14306151592969854
2022-07-14,0.41341534566146987,-0.3011176126219092,-0.10110200712254017
2022-07-15,0.3510190201699141,-0.29415363580626014,-0.140191171152112
2022-07-18,0.2834973792744969,-0.35424869799774106,-0.20338136080778565
2022-07-20,0.4949911590307014,-0.24809650709920172,-0.02121789432188145
2022-07-21,0.46212530573740307,-0.2139026818157141,-0.010582867989838225
2022-07-22,0.3893779959252656,-0.17418347112954694,-0.05860127360993839
2022-07-25,0.502409018348533,-0.22893937091090721,-0.06663002792466224
2022-07-26,0.4735781267642236,-0.20327492026085825,-0.04724454953876063
2022-07-27,0.5722232031579204,-0.2167462115382618,-0.0729529974978711
2022-07-28,0.7062580968017831,-0.17965057086839367,-0.13855105085683045
2022-07-29,0.8028060158219719,-0.13387290206562105,-0.121625887174695
2022-08-01,0.6318588241644555,-0.09603992460336809,0.006798237174143439
2022-08-02,0.6531469524270055,-0.12750922056038236,-0.05598192240770989
2022-08-03,0.584375604798689,-0.1532241508655185,-0.04050501029927686
2022-08-04,0.4683524578475034,-0.10346064738321019,-0.03207276550318716
2022-08-05,0.5029836949585533,-0.16269278091169057,-0.0863271739758779
2022-08-08,0.6697894088681109,-0.3380113346714288,-0.17495351574091914
2022-08-09,0.6716796966897901,-0.3764019337977507,-0.12976608308283422
2022-08-10,0.6351106552432592,-0.3678893857160077,-0.12689573830524772
2022-08-11,0.5241767901934998,-0.37238244601482356,-0.1615005956317698
2022-08-12,0.5185718312072215,-0.32746770587505153,-0.15351121313261723
2022-08-15,0.4503161606637572,-0.3438408125388356,-0.10298658140072506
2022-08-17,0.7104064795033335,-0.16932681816796671,0.019947712707454372
2022-08-18,0.9742643065065657,-0.2573204612683855,0.04423575095970197
2022-08-19,1.2087870478520026,-0.36119689557530216,-0.008079948737302266
2022-08-22,1.843655991264868,-0.45590992322467994,-0.01527388022245486
2022-08-23,1.80063454019145,-0.3776138068093336,-0.04044764306857671
2022-08-24,1.3046239032468772,-0.3361081076752222,0.0006770429090106226
2022-08-25,1.5690564068601296,-0.3578551607764243,0.0052679351100425285
2022-08-26,1.443470726703803,-0.3571100179752938,0.0955492941131395
2022-08-30,1.3046124202355107,-0.3039026894600274,0.06161853962070491
2022-08-31,1.7833767955801143,-0.4496302908676216,0.2903210114269111
2022-09-01,2.0572653163595382,-0.5683739342185699,0.2616110240585915
2022-09-02,2.2369230125238126,-0.6272761281876773,0.27454233823966123
2022-09-05,2.7283194330916016,-0.82145544806943,0.5036023891192076
2022-09-06,2.4998039068247335,-0.772005057594799,0.4332281144300919
2022-09-07,2.6970710935893942,-0.7345368037192166,0.5036942119352594
2022-09-08,3.3383097386537655,-0.45147724321691235,0.4936002760478156
2022-09-09,2.452792683660312,-0.37395115299403303,-0.05203405844072727
2022-09-12,3.6326611606503834,-0.201182104348673,0.03662167442733085
2022-09-13,3.5325411200070005,0.02689492158118283,0.09146321901349083
2022-09-14,2.8849274528058686,-0.28884354604190676,0.15612323103893946
2022-09-15,3.4927967929309363,-0.4531874885254223,0.2682470762724482
2022-09-16,3.4037425362503684,-0.8002023540281272,0.03855734486544914
2022-09-19,2.751198940185837,-1.171652803397006,0.052236783677159226
2022-09-21,2.4396059342604004,-0.3331814088975054,0.3546231758573326
2022-09-22,2.4325903310348598,-0.3618498487783135,0.28533471757314577
2022-09-23,2.974414578982532,-0.5829627306719234,0.5550978944077272
2022-09-26,2.91690225030891,-0.39146509924970574,0.8107552904386706
2022-09-27,2.4570269432739162,-0.37531984191121426,0.6373340529171486
2022-09-28,3.0871154123183793,-0.3855761211842617,0.7960459874773976
2022-09-29,3.4161647183322867,-0.7048202594964567,0.6359366289816921
2022-09-30,3.6441117305152453,-0.5076289771546024,0.7167326247460433
2022-10-03,3.232133381949676,-0.4760162154616691,0.4149725460992804
2022-10-04,3.1775624923534975,-0.8045000871811356,0.16410458484424645
2022-10-05,2.2525632433440577,-0.6079844631961152,-0.045683112739834934
2022-10-06,1.995157825967712,-0.5897743884292999,-0.04192704336837436
2022-10-07,2.2502186048585107,-0.7441491503322026,0.27687145831180454
2022-10-10,2.4625857948674947,-0.8502520761098592,-0.13601523924639117
2022-10-11,2.6972088897257906,-1.121001822301554,-0.2276037486050704
2022-10-12,3.317710275074043,-1.333797483259228,-0.11512232429822174
2022-10-13,3.3098901596639205,-1.3434433157550092,0.044990401191526655
2022-10-14,3.7226500543913392,-1.3296678484025801,0.2392322894877428
2022-10-17,2.9658610010046083,-1.5477758609724197,0.027371515897939725
2022-10-19,2.689159780781963,-0.38739651356649246,0.18460366136713008
2022-10-20,3.078083032798895,-0.5804335284912573,0.34280066385259805
2022-10-21,3.2950323170463807,-0.6593648078546097,0.30008830858020963
2022-10-24,3.6941862274377417,-0.7768483603867,0.11916969499769682
2022-10-25,3.3805870861888714,-0.7947532953751805,-0.06573292163417067
2022-10-26,3.1385170034639005,-0.7916381117570926,0.20242613972665804
2022-10-27,2.731968199777441,-0.7577225318436864,0.30687389348856303
2022-10-28,2.674815188740083,-0.5698899833051781,0.18239602373574312
2022-10-31,2.6937992900772962,-0.5212519582281624,0.25007052009446645
2022-11-01,2.4194495136804135,-0.4499017775425651,0.4482259650244288
2022-11-02,1.8612838698302125,-0.518906717192243,0.1796159525380307
2022-11-03,1.9501510540450113,-0.6513080420337503,-0.12468150094661969
2022-11-04,1.9725479239673918,-0.766556166162449,-0.034756037519841375
2022-11-07,1.065401068612602,-0.3732128524983387,-0.2076918683304427
2022-11-08,1.0972126017134634,-0.36167948863414084,-0.16653934048601585
2022-11-09,1.0039295812517808,-0.49358017933090936,-0.12813735847544064
2022-11-10,0.9470608272563774,-0.42906846720064384,-0.2578260887658781
2022-11-11,0.889031237029567,-0.4648445168536168,-0.28717903024219
2022-11-14,0.2486462051319157,-0.45988464273405016,-0.25032702920786587
2022-11-16,0.2803344186971855,-0.21706713055468468,-0.04801869827837558
2022-11-17,0.11610550574355262,-0.21297131602202468,-0.03411637627983452
2022-11-18,0.23218765221990628,-0.2058300531464684,-0.09729348675059903
2022-11-21,0.09925459528228237,-0.19954269839096261,-0.07728635653109037
2022-11-22,0.06072478347753764,-0.17733889932556748,-0.003917082025219709
2022-11-23,-0.006233663819225626,-0.138981953302637,-0.02586292102041489
2022-11-24,0.04035458839213064,-0.1460390834197147,-0.02078979470687473
2022-11-25,0.027390769613188884,-0.06337671311037257,-0.022133144279616317
2022-11-28,0.18387004969323384,-0.05241901199614377,0.008390896825221778
2022-11-29,0.5933880118848789,-0.0169313591801084,0.025422646005339198
2022-11-30,0.4765472852694091,-0.1338716875314167,0.07423495340326187
2022-12-01,0.18818926844417735,-0.18426922303782514,0.011930488341462419
2022-12-02,0.347488252534411,-0.2440770193162746,-0.05295240687081701
2022-12-05,-0.12087071702221769,-0.16915629080319747,-0.06823245990139368
2022-12-06,-0.14443990618737146,-0.12199051024254248,0.0031193621976478994
2022-12-07,-0.020583576346360835,0.023618257989573916,0.023595513083911918
2022-12-08,0.10907309902139029,0.13565934334325885,0.009202733883386775
2022-12-09,-0.127150706131375,-0.023614828777863948,-0.0012731216893502124
2022-12-12,-0.2890985581824041,-0.03521549884884462,0.004057537792002478
2022-12-13,-0.2817396983897406,-0.07296312901841463,0.013390269863896595
2022-12-14,-0.17692646941111168,-0.032897152221178845,0.02093679006611206
2022-12-15,-0.3585809694360351,-0.08161931005667342,0.011366277864612967
2022-12-16,-0.20180594930266924,-0.22618786356588208,-0.024262038279860797
2022-12-19,0.09234093003793663,-0.17715259272271028,0.06411499340684369
2022-12-21,0.22732979036137782,-0.018910829315749497,-0.013997804466910476
2022-12-22,0.18477649985901048,-0.02038307383211049,-0.010320478726592319
2022-12-23,0.20547846850017384,-0.08589354157314663,0.007538004454464309
2022-12-28,0.4306815796947336,-0.1383310947268411,0.01638850241385007
2022-12-29,0.46393820606895636,-0.14983080548764752,-0.048005619093466394
2022-12-30,0.4640578910500757,-0.14963110963568108,-0.0480217587127214
2023-01-03,0.35982455770427546,-0.13700248316699587,0.013557529451834856
2023-01-04,0.36789448112225337,-0.15406123243387324,0.031058433559551506
2023-01-05,0.44702829608251804,-0.19330695421445004,-0.036430733670047365
2023-01-06,0.3411247134090165,-0.30896134465225455,-0.05932782744450631
2023-01-09,0.13692547343505218,-0.16467225104733169,-0.12574762444812762
2023-01-10,0.21006355632811408,-0.18169734721081762,-0.13148831400330072
2023-01-11,0.305189348097674,-0.17729744021343039,-0.13089949439281034
2023-01-12,0.1671194927448223,-0.20586370624985983,-0.07405189308770928
2023-01-13,0.18900636280659916,-0.1927481514602794,-0.08692022718904922
2023-01-16,0.15779986259394504,-0.15442482509663763,-0.01288569543131929
2023-01-18,0.6608146197526926,-0.13505666613474618,0.07621957358697422
2023-01-19,0.6075425378715519,-0.1908786277336599,0.002843759488648984
2023-01-20,0.3692888842893411,-0.14302513435707268,-0.07514010782868642
2023-01-23,0.22839410590349224,-0.0872739162675283,-0.011708524624455248
2023-01-24,0.19493209763912994,-0.06448536496396917,0.025488310451572613
2023-01-25,0.15556631820514305,-0.049618155919937554,0.0018825981228883608
2023-01-26,0.21107194447508576,-0.0986028634977239,0.06049011866700593
2023-01-27,0.24068960124405242,-0.092431071835706,0.02240940434854524
2023-01-30,0.1889619450906107,-0.06953028793354432,0.0031580189370426005
2023-01-31,0.18193224535775276,-0.1031385974428812,-0.04299316686988243
2023-02-01,0.16644446262194326,-0.10523698436429836,-0.015081937374818352
2023-02-02,0.15999205299505645,-0.03545341603069501,-0.043126044998526576
2023-02-03,0.05953291511239491,-0.052071816926401206,0.018644237825605463
2023-02-06,-0.02537711819446599,-0.07765143285273945,0.0004802579572117701
2023-02-07,0.009633408986141977,-0.08198403364334382,-0.04659174897905806
2023-02-08,0.041210348451633384,-0.0799339725538766,-0.04015306229518345
2023-02-09,-0.06479041414225464,-0.15189440838176718,-0.029322085408491804
2023-02-10,-0.09054348428962562,-0.13272609782738545,0.01687332854658757
2023-02-13,0.01066476315584639,-0.06330038636063968,0.02350369026786024
2023-02-15,0.13871540774387278,-0.0361895382888755,-0.041287382128367495
2023-02-16,0.1416908222685231,-0.07328229946207594,-0.056357824366904154
2023-02-17,0.11426273443567507,-0.08547053232264339,-0.07310717790090014
2023-02-20,0.2167473859978985,-0.11881825549482619,-0.06318562621851563
2023-02-21,0.34407548394924414,-0.08019087011055992,-0.07520337393887176
2023-02-22,0.4692589080132801,-0.07142470921917689,-0.050784141055001286
2023-02-23,0.2540761687409572,-0.05151392225577399,-0.05033025168465373
2023-02-24,0.13729328049324394,-0.07756730009426087,-0.05762372620001255
2023-02-27,0.25688322858236795,-0.056091817278300544,-0.08615660752868369
2023-02-28,0.36079000739522027,-0.04806177864509801,-0.05989871177465414
2023-03-01,0.3852066472009826,-0.12009638739958428,-0.09521704375083498
2023-03-02,0.10791329181759772,-0.14541498803009453,-0.10261987095185109
2023-03-03,0.034956498957680944,-0.12198270423379681,-0.10062145650705298
2023-03-06,0.04639783697313513,-0.07914952446374617,-0.07634164134428122
2023-03-07,0.01894155612565288,-0.10121749658137122,-0.04681644992375388
2023-03-08,0.09748921146453082,-0.17450439014596986,-0.03366697439044288
2023-03-09,0.07468485845795807,-0.1240355380122048,-0.08450029439911863
2023-03-10,0.14460462377210564,-0.20442511483689027,-0.054487625165137714
2023-03-13,0.3171762341743047,-0.3166950968294756,0.004841593118114382
2023-03-15,0.3173892662522444,-0.024665194967627705,-0.0922548761571967
2023-03-16,0.44068660278676236,-0.001952825743618351,-0.0779912211972714
2023-03-17,0.519230057833479,-0.05079532851452136,-0.09987360039810018
2023-03-20,0.5712753990044531,-0.025004071459652423,-0.0697136779590566
2023-03-21,0.637202492131512,-0.08204466476528706,-0.11786327821077978
2023-03-22,0.7189851750525721,-0.049881920196433664,-0.12580020970945183
2023-03-23,0.6380004138232581,-0.10682650441227044,-0.08112076388580704
2023-03-24,0.4657511064005097,-0.08575892915958092,-0.08542837019709461
2023-03-27,0.4300295155945873,-0.10211520927166923,-0.04652453529664731
2023-03-28,0.39924933666343054,-0.09496492585316291,-0.01758162389415578
2023-03-29,0.5105739747941144,-0.06777775103166583,-0.03673586174290692
2023-03-30,0.4124445754852699,-0.044964636112910246,0.0240203058396627
2023-03-31,0.45167396790396264,-0.014274136060417915,0.019760700081308723
2023-04-03,0.35869285002171236,0.011187181435078093,-0.017265100133408255
2023-04-04,0.2735977520283441,-0.02396272581283866,-0.07085194536446608
2023-04-05,0.43511299170889567,0.013539147722032586,-0.09636621861222378
2023-04-06,0.5417334437948294,-0.020028501712296157,-0.058496371608977575
2023-04-11,0.48846136191368855,-0.07585046331120987,-0.1318721857073028
2023-04-12,0.594980975184901,-0.11772756111683137,-0.11320018197106
2023-04-13,0.6919792806758538,-0.12478467451185773,-0.07175766711250216
2023-04-14,0.6860013227089374,-0.12949762762867525,-0.005675452028058963
2023-04-17,0.5479121438569182,-0.23729433898110638,-0.0012990267145005293
2023-04-19,0.4809845030706888,-0.15191236585736895,-0.03171518642984721
2023-04-20,0.4672506211412646,-0.14684364280858409,0.01351815763626356
2023-04-21,0.45579780011444404,-0.15747140436343993,0.05017983918518599
2023-04-24,0.34276677769117664,-0.10271550458207963,0.058208593499909776
2023-04-25,0.3468017394001656,-0.11124487921551833,0.0669590455537681
2023-04-26,0.3858242622670298,-0.0596960182091718,0.15052048409474492
2023-04-27,0.378808659041489,-0.08836445808997988,0.08123202581055823
2023-04-28,0.3153694963688625,-0.06787871034184012,0.03298891924576222
2023-05-02,0.2139799401915506,-0.05983475809771226,0.055555736675807585
2023-05-03,0.1745029030285548,-0.09009031541598093,0.06336046344459248
2023-05-04,0.19111397416385897,-0.10341596016553538,0.02166305810737419
2023-05-05,0.11139551391168463,-0.10381521950302453,0.016103127379198088
2023-05-09,0.01679688223834323,-0.13107872107425447,-0.010379469319527303
2023-05-10,-0.1798297234375375,-0.17255744218981411,0.04300896759749682
2023-05-11,-0.0531708498219833,-0.2032142556947915,0.09676575678303054
2023-05-12,-0.0657547026757879,-0.27481729705862196,0.04549507205660376
2023-05-15,-0.4457380333413319,-0.5941865982827587,0.02516052526378099
2023-05-17,-0.006910706377165288,0.050841941702831746,0.04001268993160731
2023-05-18,-0.14154813517231196,0.049875197941287606,0.04198868137795731
2023-05-19,-0.167570805757799,0.03697956941385312,0.026908720158435546
2023-05-22,-0.4753186634847997,0.04940186498783365,0.007547601909094357
2023-05-23,-0.5240120726087656,0.04596682093539082,0.11013233266427991
2023-05-24,-0.3727469784340745,0.12453337671207292,0.09488666109299729
2023-05-25,-0.17988256043659445,0.08342605426802334,0.08847840829619133
2023-05-26,0.018410753505894696,0.06528737973884996,0.1534314965794424
2023-05-30,0.03020608389643485,0.12210417893628198,0.1171398267421373
2023-05-31,0.09937417880095493,0.13219869175860505,0.06318653000335585
2023-06-01,0.36816193466758645,0.09991703040397566,0.1384551414693418
2023-06-02,0.3031167412152352,0.03547254087019466,0.039813741708843185
2023-06-05,0.39682553566567486,0.03774870969843987,0.0879805351307935
2023-06-06,0.35744314328881305,0.04556731332142293,0.06140200163069837
2023-06-07,0.42010111297159597,0.00807171134887507,0.06211464158681768
2023-06-08,0.31731878371570993,-0.0493645431102975,0.023431486229172297
2023-06-09,0.2172040635575826,-0.16638119821133868,0.026606959079618367
2023-06-12,0.12103543460695189,-0.15725933427623526,0.01686419693390387
2023-06-13,0.5282248193821915,-0.1951853814296185,0.0362709775941903
2023-06-14,0.7166635025897581,-0.2504574437629107,0.07487136791879928
2023-06-15,0.5405594780927819,-0.22931142138145377,0.04294934474955698
2023-06-16,0.36512761411112166,-0.3392792314990325,0.08099592917797445
2023-06-19,0.6773744967812256,-0.20561904709492282,0.0008545273254575547
2023-06-21,0.7363517625986945,-0.05396871418614366,-0.047582509834736955
2023-06-22,0.7297928369328378,-0.13020009678346425,-0.02707838282078955
2023-06-23,0.7308356741139085,-0.14372186771595494,-0.017924440285565436
2023-06-26,0.822637567799794,-0.11010370518243635,-0.017917900693110892
2023-06-27,0.6802124601935633,-0.1281353629654386,-0.03174801865296396
2023-06-28,0.562228542884164,-0.06468060849947807,0.047183155871409796
2023-06-29,0.5824931158141323,-0.11755952838263385,0.039239109824647185
2023-06-30,0.7049379075323493,-0.16996978712471858,0.05580241329364517
2023-07-03,0.669275316251595,-0.1294213008789423,0.03996138251941763
2023-07-04,0.49471838500011317,-0.1569810889061538,-0.07694853049595793
2023-07-05,0.47850805562762283,-0.14756293851506888,0.0037360236749777766
2023-07-06,0.3900775765392137,-0.12128917201165947,0.01050839513757829
2023-07-07,0.42787335869591125,-0.09977101554935766,0.05085394201927345
2023-07-10,0.3007406472850279,-0.12705134367228335,0.035992142151992916
2023-07-11,0.27296407589315563,-0.14711408216991986,0.003590066361424486
2023-07-12,0.4094164174549163,-0.1712726352002164,-0.04271433142768499
2023-07-13,0.4716403224287426,-0.2539945057075957,-0.09862861323386486
2023-07-14,0.3721002788806355,-0.30476457080942027,-0.11515028643463444
2023-07-17,0.14308746349387327,-0.42402324578839434,-0.08321723131082137
2023-07-19,0.2253942463498422,-0.06086350173971769,0.12747101303164105
2023-07-20,0.22686853474391888,-0.0663042919811005,0.1554476530947318
2023-07-21,0.14723052571016843,-0.06860581205707057,0.12694760398917734
2023-07-24,0.16128469818398272,-0.07567976872584399,0.14364152713416237
2023-07-25,0.18133460272499974,-0.10497435101170824,0.09858697260472161
2023-07-26,0.027835964161506632,-0.0787342376116903,0.12860093773021186
2023-07-27,-0.016986904232098088,-0.09671541573960535,0.07990842927602419
2023-07-28,0.05112406987717797,-0.12575853903896675,0.05691523716826329
2023-07-31,0.17002965172483966,-0.19336523987828283,0.10217247552898809
2023-08-01,0.02551886975646746,-0.18435335579630371,0.07003447249868675
2023-08-02,-0.08483509966046325,-0.13615181282919855,0.10455542353893635
2023-08-03,-0.17913014282358944,-0.11966314307192664,0.11211863634501351
2023-08-04,-0.4267707355007398,-0.16824947395965112,0.2054425900699124
2023-08-07,-0.3211336788074038,-0.15581822165220927,0.04927360843891876
2023-08-08,-0.2234848506461437,-0.21741268213154902,0.09227721647726571
2023-08-09,0.010962189139950444,-0.33243647784783986,0.06682492474864316
2023-08-10,-0.18514926422444966,-0.28494572261324164,0.04714840579763828
2023-08-11,-0.1812104967004758,-0.43771328223784217,0.042144679538851405
2023-08-14,-0.35322507603013203,-0.5398795548465475,0.03333523689205809
2023-08-16,-0.11729084840457647,0.08780913471371486,0.10068802473812657
2023-08-17,0.09260209249434959,0.07155383063385219,0.10623646719492237
2023-08-18,0.3008241973012651,0.08337444368903014,0.10932690093772568
2023-08-21,0.12358394905488868,0.08102244395797292,0.11568924232650582
2023-08-22,0.2174882271061835,0.12968222209876262,0.14867061874657952
2023-08-23,0.23897958239699696,0.22099584693428548,0.17242358428032642
2023-08-24,0.08587171691442828,0.26993007485698467,0.14867845423054343
2023-08-25,-0.037226032787466175,0.2341203721006203,0.14256710641712125
2023-08-29,-0.1017195156525298,0.3003333089964455,0.14611155402879525
2023-08-30,0.016691208240229325,0.38088827184142043,0.08055941207786173
2023-08-31,0.04921380496640498,0.41311051660831094,0.12988011195811103
2023-09-01,0.06412691109219414,0.3489623135305115,0.12166602851426266
2023-09-04,0.18637721015348005,0.40964084448070703,0.09174388620482408
2023-09-05,0.4093479381166493,0.42802777634875583,0.1167235939570241
2023-09-06,0.2605581302276127,0.37909397738473044,0.09515713918487516
2023-09-07,0.1935996829308494,0.417450923407661,0.07321130018967997
2023-09-08,0.2209076084498087,0.3420992625809339,0.018291634465129977
2023-09-11,0.08389787907651179,0.0978948866219931,0.030156262786725768
2023-09-12,0.07374228129639233,0.14199717775385176,-0.005652526391439175
2023-09-13,0.11420989743661812,0.1705129641351941,-0.027637737202205623
2023-09-14,-0.2825933115564604,-0.3609825636402854,-0.013367795282983822
2023-09-15,-0.4993058552757935,-0.494482305258235,0.017937068414767606
2023-09-18,-0.6448286679147026,-0.4249236231429581,-0.031825197870909434
2023-09-20,-0.297168481600382,-0.01815674958196727,-0.013443366315714174
2023-09-21,-0.34798708206118945,-0.013917302092791486,-0.00038739709547604926
2023-09-22,-0.6854426631066062,0.2616398319396007,0.40047332965288773
2023-09-25,-0.7472888624792106,0.18132937775101748,0.21360739511169244
2023-09-26,-0.4451080932230622,0.09199029653905777,0.25234720315740017
2023-09-27,-0.3670646319576702,-0.02284383888208766,0.1695074623555579
2023-09-28,-0.2677560084524608,-0.10473643382985787,0.14577055539525066
2023-09-29,-0.5175596629818787,-0.02381674739821251,0.13817644028798814
2023-10-02,-0.8466810360006571,0.05279618533747422,0.16400954328626685
2023-10-03,-0.9233269205064895,0.05548706156055608,0.1351060036993466
2023-10-04,-0.8864261055042022,0.012763861643629781,0.13322142942116172
2023-10-05,-1.07909513696122,0.06521824134901993,0.11275013463033103
2023-10-06,-0.9257689189154563,-0.036779765742728225,-0.012267276330910895
2023-10-09,-0.6997068740689217,-0.1462915653054487,-0.028324784960358448
2023-10-10,-1.0441206432830474,-0.0604299622298385,-0.0014600000546522547
2023-10-11,-1.0953300168247793,-0.07888462926334397,0.06535506434085914
2023-10-12,-1.0959046934347996,-0.14513121926256053,0.08505221039207492
2023-10-13,-1.0488388100760873,-0.17496495540663304,0.06494058381949201
2023-10-16,-0.8133240561135757,-0.12557683730811028,0.06034261211727517
2023-10-18,-0.807735900623919,0.20680752179820924,0.16496079806553066
2023-10-19,-0.7017319644375588,0.15558860035123565,0.1485850821783143
2023-10-20,-0.7709714726369258,0.20964203097780687,0.13521090570030744
2023-10-23,-0.83128212376634,0.18956246592847467,0.11442962674118387
2023-10-24,-0.6685343375885041,0.08718412323256469,0.1389358263456727
2023-10-25,-0.8487667103627987,0.0798397272024555,0.14570165821581862
2023-10-26,-0.9282683323812551,0.031980498029961474,0.14506692719730235
2023-10-27,-0.8671102306112323,0.027191234885462403,0.2018816962792867
2023-10-30,-0.9432404380322124,0.0392239347498964,0.20802587631582564
2023-10-31,-1.2170945097775372,0.061351323455260336,0.053911373549063085
2023-11-01,-1.1250083590496973,-0.028351350419463777,0.04870705260389993
2023-11-02,-1.1592094815271927,-0.08100600749103756,0.0715800771534484
2023-11-03,-1.2222251855120063,-0.09982684662472015,0.14754894940440702
2023-11-06,-1.19290712675112,-0.16961558437725538,0.15949321201970112
2023-11-07,-1.3942573705337875,-0.04346315173018537,0.14288389869955628
2023-11-08,-1.380866745171486,0.017884195271407843,0.15760628084573808
2023-11-09,-1.345193832036777,-0.020887525034606277,0.11114489866966491
2023-11-10,-1.457241541577513,0.04306949016520452,0.07495978570279954
2023-11-13,-1.435092793732205,-0.15908388906459867,0.09674521126220763
2023-11-15,-1.2196598277220956,0.2003686444671437,0.06769389660386903
2023-11-16,-1.4225434564844008,0.24002054894652805,0.06615867830954823
2023-11-17,-1.497571827199142,0.29543624423633597,0.02671193520663651
2023-11-20,-1.207702812621789,0.25254364787854644,0.12702143139009994
2023-11-21,-1.422679843499695,0.2855782580430519,0.03829336022251016
2023-11-22,-1.5998610922209033,0.3401310246698594,-0.010089164063384731
2023-11-23,-1.6978240802767417,0.365248731901929,-0.07143744049226053
2023-11-24,-1.7219933922318529,0.3932620264353928,-0.08965675310329572
2023-11-27,-1.8643709833242819,0.46434055322545,-0.09729024002612947
2023-11-28,-1.3837707416253922,0.31827399171553283,-0.027893512746939686
2023-11-29,-1.1703637080247757,0.32162474705736066,0.0775743929736611
2023-11-30,-1.173627710894414,0.20713264397588235,0.0034359035818354623
2023-12-01,-1.0595643929772895,0.12852838788667428,0.028565111761611396
2023-12-04,-1.2146954498245972,0.15946437156734872,-0.06415002031747506
2023-12-05,-1.2278906886464367,0.10946408182709613,-0.10575195005129338
2023-12-06,-1.206809429935715,0.09885314682393598,-0.08071106533381582
2023-12-07,-1.2200046687575545,0.04885285708368328,-0.12231299506763432
2023-12-08,-1.2022473081305076,0.06746017761665458,-0.09785439036819249
2023-12-11,-1.3751744603067102,0.05958251613194305,-0.14474956223292187
2023-12-12,-1.4313260279960296,0.01845855987687418,-0.20947301571778687
2023-12-13,-1.3545378687742373,-0.05682582149837606,-0.36906689044017127
2023-12-14,-1.535124604839129,0.04283363531083299,-0.17480555437937723
2023-12-15,-1.6741140792999067,0.12804668618932757,-0.14777867254086258
2023-12-18,-1.6300080803187342,0.2952499041893759,-0.11405891731546229
2023-12-20,-1.2460273393430417,0.03595722855624889,-0.13739295628715614
2023-12-21,-1.2627533458003841,0.03603355530598169,-0.09175612173967955
2023-12-22,-1.2945648789012454,0.02450019144178391,-0.13290864958410634
2023-12-27,-1.4872929098834313,0.020049804789309494,-0.09863507870026214
2023-12-28,-1.365632739217629,-0.02654904383571687,-0.1104719798912891
2023-12-29,-1.4215612032968346,-0.04833784577766569,-0.11990513136434854
2024-01-02,-1.5353622888705845,-0.07117559325686276,-0.06529968341077245
2024-01-03,-1.450781706804657,-0.07934969380525497,-0.04539964156456722
2024-01-04,-1.5791652861058512,-0.03826770588687893,0.017044744093652364
2024-01-05,-1.6853531258213073,-0.03060125991644064,-0.0006414891431889654
2024-01-08,-1.8586461217027754,0.05920307523368981,-0.005836466511962676
2024-01-09,-1.811211580008222,0.061259301077737645,0.033909233685831715
2024-01-10,-1.6923097295216798,-0.002364933439384199,-0.12467481310205028
2024-01-11,-1.6067361491033063,-0.04520662118341256,-0.10453929223485355
2024-01-12,-1.7480107423320848,0.03527271687706158,-0.15640278605853136
2024-01-15,-1.6578675878621723,-0.06767228474791877,-0.08677443986539293
2024-01-17,-1.0639751612836021,-0.019788322682633665,0.016715006887151867
2024-01-18,-1.030925404461208,-0.010429672489585895,0.040141929679166174
2024-01-19,-0.8741785693733833,-0.0770354028351094,0.03757365254009341
2024-01-22,-1.1526010269124736,-0.0048616134405648935,0.050366925937389055
2024-01-23,-1.1259148092154738,-0.06038728858349705,0.067418428155714
2024-01-24,-1.0682530260468552,-0.11171618988359501,0.0286474713839109
2024-01-25,-1.2608630579787048,-0.002357043820340287,-0.04656868908159462
2024-01-26,-1.4443374252797108,0.08874202694588153,-0.026881947611036884
2024-01-29,-1.4602388851282397,0.051629080599448124,-0.013459678233821978
2024-01-30,-1.4489814506418814,0.05090978489296341,-0.023241812195107698
2024-01-31,-1.6569543613056128,0.14481825315347183,0.018260071633183057
2024-02-01,-1.778239210675954,0.173080426725174,-0.025274027283867302
2024-02-02,-1.7950875076412733,0.22365433219995973,-0.030639783300690525
2024-02-05,-1.8117456450580323,0.21128471924863879,-0.13849353537401551
2024-02-06,-1.701386456618293,0.14953118954823794,-0.08419153199627763
2024-02-07,-1.8129838687795652,0.2134594329197888,-0.12076793032160311
2024-02-08,-1.7336786600012601,0.15123663834977363,-0.13383024545011465
2024-02-09,-1.6137804621477598,0.08371541480827019,-0.2488803870051273
2024-02-12,-1.7229117487199208,0.14151746489775885,-0.2586055824849769
2024-02-13,-1.7065776765009142,0.15272920778030172,-0.25184423809578677
2024-02-14,-1.647505249093033,0.17498348650078385,-0.21333735408425078
2024-02-15,-1.565965469226237,0.10668898923523731,-0.20059136903230537
2024-02-16,-1.3347769478184293,0.030254044524689862,-0.1911869357970447
2024-02-19,-1.3691180308299569,0.1124206636401121,-0.17159107277567362
2024-02-21,-1.0084220184998576,0.020337154312639296,0.08151915846828878
2024-02-22,-1.0865015132676852,0.0138556869455307,0.0972207715214176
2024-02-23,-1.2774051609069514,0.04127175840592811,0.033130094589939374
2024-02-26,-1.4985257938787204,0.17429012149924322,0.03922667972143133
2024-02-27,-1.386732995176986,0.12170893538903295,0.048923530459119936
2024-02-28,-1.3278444712982007,0.1004107386329799,0.053368465346598545
2024-02-29,-1.4233020366235172,0.13022148347077594,0.05179387523670648
2024-03-01,-1.3232823494929933,0.06901776942569846,0.03622514031222187
2024-03-04,-1.2861873091076552,0.07162381092506967,0.006100102207793676
2024-03-05,-1.3567887838750714,0.10722206194916321,-0.07699436777792651
2024-03-06,-1.404272003240838,0.05003783568701281,-0.12429761525134671
2024-03-07,-1.5126795820189067,0.062341164309042435,-0.18543521916846134
2024-03-08,-1.5579022524927564,0.11275174711275711,-0.15689508861195692
2024-03-11,-1.5573798687234068,0.09897206360971202,-0.14804274530112974
2024-03-12,-1.6799144248266473,0.16161436906775906,-0.11290974245407338
2024-03-13,-1.599407160286967,0.10861840867446515,-0.17162011288765314
2024-03-14,-1.9609005143795128,0.25919564261042427,0.023139645728122965
2024-03-15,-1.937331325214359,0.2120298620497692,-0.048212176370918625
2024-03-18,-1.9543415293194162,0.3002230182946912,0.019241276404051738
2024-03-20,-1.7843218969147778,0.2712242165846745,-0.0573735642939148
2024-03-21,-1.9332349703175702,0.2890007221823654,-0.09470075874825966
2024-03-22,-1.9310758643305967,0.28351133644689075,-0.12973739229390566
2024-03-25,-2.014159892428863,0.33997633337991773,-0.04721281017577276
2024-03-26,-1.9706618109263923,0.31663962144107854,-0.02689208115323602
2024-03-27,-2.0130224270861734,0.3613488644548169,0.05356460677614206
2024-03-28,-1.8551588678564979,0.2575660213672584,0.010975346662301495
2024-04-02,-1.9097308168637817,0.299975988602067,0.06354062299882901
2024-04-03,-2.120104619822536,0.41033455261925333,0.17266774538336427
2024-04-04,-2.3289080466194334,0.45116284128414413,0.12491650807516583
2024-04-05,-2.402935458063962,0.40592252891981256,0.07917216747953985
2024-04-08,-2.5002936681343773,0.3605792735602559,-0.1071126216402779
2024-04-09,-2.68852375325346,0.46103397399452556,-0.1891588864225546
2024-04-10,-2.7421135404923223,0.547413092945875,-0.09483106891065392
2024-04-11,-2.8140840180459166,0.5848327223015805,-0.15204349795722966
2024-04-12,-2.580604523418403,0.4797359764856277,-0.028097952085175973
2024-04-15,-1.5867458330746318,0.7605034637026656,0.07819164623325017
2024-04-17,-1.7640354543529322,0.28208247435352657,0.0215665381445691
2024-04-18,-1.5439819859218793,0.23404122774283487,0.009505248821046967
2024-04-19,-1.4567466400615352,0.1400476581434454,0.06709120231646304
2024-04-22,-1.6259553433904226,0.1072412448005026,0.05315664460253598
2024-04-23,-1.869632936065158,0.1683677098263125,0.0654326004980797
2024-04-24,-2.2920367742838454,0.2993739932094029,-0.015207216229884225
2024-04-25,-2.515815575310386,0.34853181354034163,0.09440293463983271
2024-04-26,-2.379292017335053,0.4497141891439164,0.09106364103855932
2024-04-29,-2.0082092471881627,0.43449782072578785,0.0325935498488363
2024-04-30,-2.180324285060142,0.37632574552995013,0.06457729222707774
2024-05-01,-2.5014091633228492,0.4363723175411099,0.1913696245552406
2024-05-02,-2.7883447149621454,0.5379996153571671,0.31648913472326357
2024-05-03,-2.7540122282972193,0.5416649438904192,0.3565985656587207
2024-05-07,-2.973263431362426,0.5610943675890746,0.33442449878648745
2024-05-08,-3.0064945642799037,0.5765668255991075,0.3368035034050326
2024-05-09,-2.8305858987005097,0.6135284527773722,0.3033561223622907
2024-05-10,-2.40355001061061,0.5730582044950806,0.13475069733314807
2024-05-13,-2.2153247742851807,0.5376732844350095,0.10062771129403368
2024-05-15,-2.1161114697801087,0.5198552027933814,0.015226536695915617
2024-05-16,-1.8652844923914178,0.4925367431288384,0.049085626988044966
2024-05-17,-1.3190844817312815,0.2701841054476779,-0.10272898515524245
2024-05-20,-1.2365740273608787,-0.003851364747969484,-0.026669890219367675
2024-05-21,-1.9290187492276996,0.2389915428942864,-0.044415918840219434
2024-05-22,-2.36060285785523,0.39826723193150143,-0.05932407487967531
2024-05-23,-1.9560590750588585,0.32937389790228755,0.012864837396747273
2024-05-24,-2.184178582554235,0.3919321272434237,-0.061114988039783325
2024-05-28,-2.1485848060553794,0.3424807431927148,-0.10194773615909951
2024-05-29,-2.345026835107115,0.39495152932781796,-0.07258119466552036
2024-05-30,-2.433462462825718,0.4658481235386538,-0.10426823704521083
2024-05-31,-2.496227821553147,0.5179883294224976,-0.06968345567999709
2024-06-03,-2.4337119972321046,0.5289935067771085,-0.06721319839039101
2024-06-04,-2.3874900167078468,0.49628831640327503,-0.16285660346419323
2024-06-05,-2.3689452791056893,0.5013549264475938,-0.1246237533155023
2024-06-06,-2.2803193767658083,0.49117978042580346,-0.10960775766036036
2024-06-07,-2.599496488436028,0.5549059389781745,-0.16948030831069866
2024-06-10,-2.697705351317578,0.5226671665222518,-0.24042535494360456
2024-06-11,-2.6083980367642416,0.49530911921454795,-0.30135452796394696
2024-06-12,-2.4496249615663412,0.437065718729445,-0.3676536351241295
2024-06-13,-2.6905887039044614,0.5035281809702342,-0.4480798273637903
2024-06-14,-2.667165041409447,0.5332218594417383,-0.3625385307795766
2024-06-17,-2.605992810405715,0.49420274793569835,-0.27358586649484423
2024-06-19,-2.218438364293636,0.11349823925980261,-0.06514445404154266
2024-06-20,-2.3032043335658727,0.13161066595315568,-0.01069536725567751
2024-06-21,-2.4807437946082125,0.21501205954599426,0.04549618457490323
2024-06-24,-2.6706304974941855,0.25650681838415756,0.01803844281625706
2024-06-25,-2.718154640105272,0.2868687510710145,0.09865397307050061
2024-06-26,-2.52569920895567,0.23290125396714706,0.06507429205697264
2024-06-27,-2.714659207850972,0.2768555448076353,0.0006810910997550954
2024-06-28,-2.7247432489542964,0.27742430001917784,-0.07380995011629525
2024-07-01,-2.741928770285047,0.23544718099578762,-0.18746106511785357
2024-07-02,-2.799171917846993,0.25101599112140516,-0.1257372485321193
2024-07-03,-2.841217625953604,0.2850858754334277,-0.14084117194571744
2024-07-04,-2.9928056218256747,0.32231681680706015,-0.07877698019782348
2024-07-05,-3.0791758993996163,0.3646754343404304,-0.1242955944359412
2024-07-08,-3.1349997857665737,0.415096616982262,-0.17761321868396382
2024-07-09,-3.1075872975182888,0.3017588116417255,-0.3035678870948636
2024-07-10,-3.1556725529745515,0.2625991142459734,-0.32129065280890284
2024-07-11,-3.195329831742986,0.21922676989880788,-0.24764967240088936
2024-07-12,-3.0624977333636463,0.20954898485409593,-0.26648661945772684
2024-07-15,-3.0214433724792786,0.22276327914157956,-0.297971581659534
2024-07-17,-2.744364357936357,0.5484223865652829,0.670355593842495
2024-07-18,-2.5726520941849738,0.48009272318765805,0.6393266227424719
2024-07-19,-2.538191767500518,0.4880424312168277,0.6962750987166277
2024-07-22,-2.3636470767758144,0.42163263135738577,0.8011167406944903
2024-07-23,-2.215849736839793,0.3625113758549243,0.7707958743658159
2024-07-24,-2.2299625133296708,0.28271551525376953,0.54270155707021
2024-07-25,-2.182717976116943,0.2620992490320916,0.5131055881683831
2024-07-26,-2.0844061246623604,0.27720013333509197,0.3963885199044847
2024-07-29,-2.3679400326160884,0.38493535193599326,0.389465042108712
2024-07-30,-2.436933013503687,0.4996411538803452,0.4602177789474905
2024-07-31,-2.2434599090960385,0.43102408780496454,0.4284001992237277
2024-08-01,-2.5382945597887163,0.5137665891662658,0.44687957313724463
2024-08-02,-2.3542840347307634,0.433336321992062,0.5226798964949156
2024-08-05,-2.2137054733546053,0.3377113981341077,0.41235589138309103
2024-08-06,-2.2551506164079447,0.3665061329247212,0.3566830822551002
2024-08-07,-2.422036114768446,0.3992651466126546,0.2702229392023796
2024-08-08,-2.323344892122025,0.3286169908632599,0.19881141495896468
2024-08-09,-2.211496566637785,0.26316770981141874,0.1374402532142742
2024-08-12,-2.099286952986665,0.1831591583750193,0.05383386855434536
2024-08-13,-1.9230196127362804,0.16841622732504324,-0.03965295963833162
2024-08-14,-1.8034184814723104,0.13723933925899037,-0.05141750069940443
2024-08-15,-1.7663239004074183,0.1411335974869815,-0.07910487893544048
2024-08-16,-2.1770322052037296,0.31154362550935527,0.06020382914192177
2024-08-19,-2.078891009974424,0.25619018265181415,-0.004894058600993829
2024-08-21,-2.1875824428388277,0.4041624233329306,-0.03289193070382644
2024-08-22,-2.2376952263200605,0.3731880316370583,-0.008241792066192749
2024-08-23,-2.1472379516958804,0.3235359345726742,-0.015908981023039965
2024-08-27,-2.2050093711604473,0.35996066437083235,-0.00038387059311598923
2024-08-28,-2.516447799270828,0.5145426309474094,-0.0024226599023974386
2024-08-29,-2.3953182010945024,0.45131950442760915,-0.04166271493231986
2024-08-30,-2.3652616312555805,0.4176882243642195,-0.1606563519086738
2024-09-02,-2.5224872429788316,0.4787436080815572,-0.20669143099802806
2024-09-03,-2.387777917929977,0.4398076172762724,-0.22941930792111292
2024-09-04,-2.4058811416061787,0.472824645626699,-0.1913613747821901
2024-09-05,-2.265079958623583,0.4377786629438171,-0.21189526099831443
2024-09-06,-2.4239845030382967,0.4221322774953263,-0.20705823395984932
2024-09-09,-2.4937643632280855,0.44682586625644294,-0.25700675233022086
2024-09-10,-2.533926104299048,0.4548353154173682,-0.30050135605251255
2024-09-11,-2.5049998857455082,0.45293891388192026,-0.2714370727497256
2024-09-12,-2.428090216900723,0.41344278372067245,-0.3213982448543149
2024-09-13,-2.3690390136525687,0.3529022097422514,-0.33561040207587434
2024-09-16,-2.541654068675415,0.4411993379370128,-0.23294414149588027
2024-09-18,-2.177985803041991,0.15646674078314146,-0.15475727617851373
2024-09-19,-2.1570147964022452,0.1324073058684857,-0.17882446621009895
2024-09-20,-2.3787624135388423,0.24695093801439744,-0.10563359459896814
2024-09-23,-2.446049782363458,0.28133679180814436,-0.07791749090905038
2024-09-24,-2.317097109645482,0.22540015791416773,-0.12759110296313084
2024-09-25,-2.571699933627485,0.2693490535391699,-0.11528778132035866
2024-09-26,-2.6377116696097453,0.2680735948901781,-0.19202214616178
2024-09-27,-2.6971652430676722,0.2799495016899189,-0.20250588819490128
2024-09-30,-2.67776718677804,0.2514993430843904,-0.2655678344693197
2024-10-01,-2.6072686516653345,0.17708956127081682,-0.31925191183349005
2024-10-02,-2.689894727361597,0.19022584231744022,-0.25988643227842667
2024-10-03,-2.966238110119429,0.2943000011858254,-0.1035584422168464
2024-10-04,-2.976050031319726,0.30747371673815616,-0.04369172577462246
2024-10-07,-3.0099871683235833,0.31044047650761397,-0.03593011588475195
2024-10-08,-2.892395794013731,0.28208302994116796,-0.04796030401925963
2024-10-09,-2.8341110307775397,0.2566896442070711,-0.06491731018862551
2024-10-10,-2.8005659421294307,0.2068349831986375,-0.15967723228367497
2024-10-11,-2.8050676813445907,0.18264364376681202,-0.05706763304965027
2024-10-14,-2.607178532287882,0.3006440048920206,-0.07215822643558083
2024-10-16,-2.690552876819968,0.5899017858468796,0.5297763484582667
2024-10-17,-2.654596499213115,0.6203254770921324,0.6025541576994577
2024-10-18,-2.402497124834281,0.5192620819408891,0.6816403861995786
2024-10-21,-2.578648228252631,0.5554542688979202,0.6195666873307354
2024-10-22,-2.7384299271001544,0.5843625030444977,0.5280161617054691
2024-10-23,-2.691637707670985,0.5651296193502028,0.5189316393502873
2024-10-24,-2.6896133848459542,0.5667476828937976,0.5809596787732594
2024-10-25,-2.6671731720342278,0.5690198452089165,0.6033805085129226
2024-10-28,-2.8112726071737453,0.593168094605057,0.5962241390724405
2024-10-29,-2.8193846400206755,0.6207732057352433,0.5907932418470805
2024-10-30,-2.717213379152784,0.570893317397086,0.5895599529868233
2024-10-31,-2.6739759441526205,0.5219199346452537,0.5809531981852103
2024-11-01,-2.5743712447329417,0.48220486686870967,0.5615997344891382
2024-11-04,-2.469320994088283,0.4141636266951218,0.5054838301784279
2024-11-05,-2.7705393069891793,0.5229540386872183,0.5492016236211483
2024-11-06,-2.896110765954916,0.6331303099891438,0.5357908889331224
2024-11-07,-2.8570380630410503,0.6024395184484942,0.493043892952791
2024-11-08,-2.9366905408854436,0.6307370453806237,0.4144755820831451
2024-11-11,-2.922911390648672,0.619740735747699,0.3704751432004648
2024-11-12,-2.8186125351706974,0.5716081165333055,0.29190467657258395
2024-11-13,-2.798218067180137,0.6134672389446484,0.22879559843691682
2024-11-14,-2.6332357793512715,0.5394353483230393,0.17516701583654218
2024-11-15,-2.4791581787788326,0.4582701425486502,0.19200364890341812
2024-11-18,-2.412006483178977,0.568511874056228,0.12039904430984687
2024-11-20,-2.3144111351609578,0.5024370490103351,-0.07802800158932666
2024-11-21,-2.4196190306622625,0.5069218678277376,-0.10419208246926019
2024-11-22,-2.4011911924213596,0.4864574781918675,-0.07226617306712102
2024-11-25,-2.375826860923002,0.4879475757692145,-0.004092581314296233
2024-11-26,-2.2332508878802386,0.4106487697047118,-0.07870065404938852
2024-11-27,-2.237423835354361,0.3945616884409977,-0.0927222957663102
2024-11-28,-2.3447026828922115,0.4303600993046251,-0.04713198109126263
2024-11-29,-2.387062687694106,0.40973282963141744,-0.18791490702146824
2024-12-02,-2.3830842378166346,0.42949842363308227,-0.16019191629889265
2024-12-03,-2.1747747185625,0.4295966514611937,-0.11927066954963186
2024-12-04,-2.3161518917825727,0.4764669643720757,-0.11530769477122935
2024-12-05,-2.3748236634895274,0.481543487128991,-0.09276377764880224
2024-12-06,-2.2754387256793094,0.43091029653379703,-0.1644741530053751
2024-12-09,-2.25020818571267,0.4264749764874692,-0.16048447385140965
2024-12-10,-2.388049696868292,0.5162820139190736,-0.14571714558634402
2024-12-11,-2.443884923819882,0.5540340265607226,-0.19052345656778158
2024-12-12,-2.5539775222143386,0.555222702781214,-0.15533860261195032
2024-12-13,-2.342050433623095,0.4734098859491281,-0.14271524670977795
2024-12-16,-2.4227758095972804,0.4626153191836318,-0.12913565272154323
2024-12-18,-1.8583124325035278,0.13875295987898215,0.022547699140249376
2024-12-19,-1.8369671923037647,0.13984216050654197,0.03908442217267698
2024-12-20,-1.8085588473475902,0.14851385649039506,0.10395570461505294
2024-12-23,-1.8825986634737615,0.15962311033202575,0.07705589163303657
2024-12-24,-1.8138548507479613,0.11565920405665775,0.022619150020366473
2024-12-27,-1.9120439675208767,0.15661109696785872,-0.04696029519489971
2024-12-30,-2.0040403885005333,0.1442734506288176,-0.04156836462663861
2024-12-31,-2.0883869786783613,0.2080936588959589,0.028113278001409486
2025-01-02,-2.0845831911975736,0.2519224206331651,0.09581185568247963
2025-01-03,-2.029471020941959,0.17751646545879077,0.06643116478198845
2025-01-06,-2.127045436413893,0.20131692716377966,0.02878576491551081
2025-01-07,-2.1749070685902208,0.21048915618355127,0.026941857225199754
2025-01-08,-2.140833491235544,0.16989610947171005,-0.03029325455782427
2025-01-09,-2.0417441559915317,0.12050430833020254,-0.028094661326207714
2025-01-10,-1.845275621766323,0.06054510682798266,-0.10605025588521459
2025-01-13,-2.0827279602310567,-0.03101277728168253,-0.1145379548870767
2025-01-15,-1.7890967196076832,0.33687505042205224,0.2335870062910156
2025-01-16,-1.6931973851999125,0.27300077100471076,0.19828913395309686
2025-01-17,-1.7456671766889442,0.2995489677344059,0.20516581826590632
2025-01-20,-1.8626935874816521,0.368567000093181,0.2452984658461141
2025-01-21,-1.9708642619942949,0.4286196812004404,0.2874164754680836
2025-01-22,-2.0762963151595413,0.48357393405408433,0.3036326316190741
2025-01-23,-2.0819451191252774,0.4506404703254503,0.23895181529841414
2025-01-24,-2.181338338731488,0.47975442868207335,0.2738099965665324
2025-01-27,-2.2323311156008394,0.5107345382552633,0.28573448288655695
2025-01-28,-2.3436175543687865,0.5370660527738892,0.3464487926855915
2025-01-29,-2.3369704263567677,0.537642786881836,0.34551040248485
2025-01-30,-2.358757129743768,0.5479286444334778,0.3820808825912663
2025-01-31,-2.4326424004974245,0.5827715374391899,0.4407639004237841
2025-02-03,-2.434039662706285,0.5875636167499871,0.4559496927670633
2025-02-04,-2.438989166240775,0.5686896438727618,0.45905393632258173
2025-02-05,-2.490409499926185,0.5898328583615603,0.47095283915810177
2025-02-06,-2.556825239236077,0.61590455569392,0.48999880040279903
2025-02-07,-2.563414290348427,0.6308877401907141,0.4476748976401514
2025-02-10,-2.4824238617742242,0.6067172730574351,0.4556229634801526
2025-02-11,-2.47646257311504,0.6180179131326478,0.41693445836948667
2025-02-12,-2.2805814854709077,0.6060541711506438,0.34468003909438966
2025-02-13,-1.212186779959506,0.9369692292011258,0.32498702213198616
2025-02-14,-0.1970975402061427,1.7611778032531362,0.18911719176331795
2025-02-17,-1.3834991977570428,0.31551847233336106,0.1762422200446003
2025-02-19,0.22916649327915387,0.053333354171015805,-0.16272246940528154
2025-02-20,0.5318786505466442,-0.013859005587425421,-0.20709353551336146
2025-02-21,0.25253371199230346,-0.008544709122295314,-0.15439510519879376
2025-02-24,0.7516645246622611,0.05243889046100189,-0.027993614891903836
2025-02-25,-0.1135254702403649,0.2883899415839087,-0.03184545209048496
2025-02-26,0.49218417271630954,0.22201347778091668,-0.04976844235320655
2025-02-27,0.5141126608465426,0.0925353395183062,-0.22712201393572068
2025-02-28,0.15811787533973087,0.22216313699979842,-0.12593776620492658
2025-03-03,0.15851387912829076,0.12507484676872963,-0.15669384686359925
2025-03-04,0.45615430079222924,-0.011186909798792014,-0.17877796048088468
2025-03-05,0.8430126135892105,-0.07549530997458717,0.007964979190747725
2025-03-06,1.1696953025767352,-0.30541274534010876,-0.07005906168679428
2025-03-07,0.6306778534190915,-0.19162985819308717,-0.1487190120361677
2025-03-10,0.36963145771816336,-0.2606240883247374,-0.16434931418898432
2025-03-11,0.2628391802805152,-0.351371144316876,-0.13874639096073393
2025-03-12,0.5140032772589911,-0.6014825197488789,-0.3483683843491076
2025-03-13,-0.05217690893649496,-0.40738967653069547,-0.3468026007866446
2025-03-14,-0.5268590007016426,-0.29668380514378534,-0.27665761362234725
2025-03-17,-0.6982312224426925,-0.45825796062391916,-0.3880984724425523
2025-03-19,0.3405896020056573,-0.23928303736285197,-0.19327274438857692
2025-03-20,0.05651314017664006,-0.27036757630717545,-0.35943814577074096
2025-03-21,0.19582173042925172,-0.3483512501182259,-0.15291965311625771
2025-03-24,0.39277321145235433,-0.42956205221555693,-0.40925201079909435
2025-03-25,0.742745715307189,-0.38408067270231255,-0.3895539555685864
2025-03-26,0.12273279509361025,-0.2311710822641236,-0.36201038850942363
2025-03-27,0.005124895976966296,-0.32815724723225476,-0.2744648432020075
2025-03-28,-0.030551504614522062,-0.23136025567170734,-0.22547895676706542
2025-03-31,-0.20368683694070802,-0.16187635050895263,-0.1738488529862658
2025-04-01,-0.06303166401965943,-0.1642676429279652,-0.203119357067134
2025-04-02,-0.17595542112642718,-0.16315861018607378,-0.20341274466931464
2025-04-03,-0.3409535003176,-0.13378831049401477,-0.1693264335630919
2025-04-04,-0.7236388338691901,-0.1580515427886001,-0.23319302202810524
2025-04-07,-0.26412564610234884,-0.0772809605194592,-0.4155930730148669
2025-04-08,-0.08932439436374658,-0.20793899380851794,-0.2770370335927996
2025-04-09,-0.27123002658971385,-0.19820093765533348,-0.2805379205250642
2025-04-10,0.9129841894715292,-0.2726090880866456,-0.002070205031121179
2025-04-11,1.310683894393778,-0.04826840747166435,-0.19264359855509805
2025-04-14,0.058630954494413204,-0.5648795686636746,-0.18465605551832306
2025-04-16,0.3510076356066892,-0.1414631099097337,0.13257400957717388
2025-04-17,0.5002936169884931,-0.18778390336925868,0.19405881853059642
2025-04-22,0.9640099557688047,-0.3012216651871697,0.0796592926861601
2025-04-23,0.9083819737017699,-0.341434644669645,0.06720976048155113
2025-04-24,1.2188490392304736,-0.450868799187719,0.036868754543152145
2025-04-25,1.262802323270919,-0.5529403557084606,0.1426009178834315
2025-04-28,1.990054347633097,-0.7719612335598344,0.1732918260746138
2025-04-29,0.9552269639906995,-0.3658063229339581,0.0016831848549310638
2025-04-30,1.0777940361736527,-0.4695000125442778,-0.018088245807182785
2025-05-01,1.741923648137877,-0.5744170913092884,-0.20113848978185203
2025-05-02,1.453489639796211,-0.4375883869832,-0.2792432994644794
2025-05-06,1.5720088189048051,-0.5277534745332134,-0.28987424643914295
2025-05-07,1.457828119622728,-0.43343643126227815,-0.28681057848157276
2025-05-08,1.8182595798913785,-0.39764084313112885,-0.32289364225450184
2025-05-09,1.7839219436411362,-0.42217233970089735,-0.347882945222758
2025-05-12,1.3371788511964944,-0.4525719145056877,-0.2034351625937063
2025-05-13,1.4132296681979442,-0.7481476369557835,-0.28994290841285725
2025-05-14,1.2791963592761033,-0.7597762459855076,-0.3276690551986891
2025-05-15,1.7072356533806043,-0.6719107855659283,-0.22711824842860356
2025-05-16,1.6588678552863136,-1.0224447442692775,-0.1142723221980702
2025-05-19,1.413954314181766,-1.270639610897224,-0.2635523491512316
2025-05-21,1.728378026484261,-0.5504077384395083,-0.05851145358183642
2025-05-22,1.5819649329713672,-0.5668573091486975,-0.15657905615184314
2025-05-23,1.94299670521094,-0.5512464078422347,-0.019515929258981102
2025-05-27,2.0723880131592396,-0.5348833703541983,-0.0048770612199651635
2025-05-28,2.0046396081178286,-0.559300719676372,-0.023126202218835438
2025-05-29,1.9037390940651489,-0.5302933624849877,0.016108089634261868
2025-05-30,2.004148735725391,-0.5527576910325288,0.010321998692312375
2025-06-02,2.1095500527726796,-0.6236661300127712,0.05293970383723539
2025-06-03,2.0669512820987386,-0.5399180449598029,0.0038712254540432833
2025-06-04,1.900296299854432,-0.4997180703191353,-0.05630266876713632
2025-06-05,2.513451270623325,-0.46440812111708046,-0.13764875667871826
2025-06-06,2.0738228220810355,-0.2714179501893006,-0.2607438389894067
2025-06-09,2.516270353337465,-0.014593994549040477,-0.2608661371178778
2025-06-10,2.4191502701582475,-0.16843079876888373,-0.2253768081254333
2025-06-11,1.8700909568533985,-0.23002166453132047,-0.17949564056897022
2025-06-12,2.364366191880833,-0.14028332827758302,-0.2158741036383209
2025-06-13,2.2353091362577455,-0.2589888407725661,-0.19850548042508573
2025-06-16,2.493040604704176,0.08682503374942523,-0.23111812064765835
2025-06-18,1.3662151646801175,-0.26834709536022405,-0.05398497003036398
2025-06-19,1.7183519699063603,-0.26744051392639656,0.10514110489748317
2025-06-20,2.0405634996109336,-0.2674333860837501,0.08859109466005016
2025-06-23,2.2087303391229147,-0.13030165748128872,0.21128712355360918
2025-06-24,1.9304353263481167,-0.2163432634724993,0.15377788378591203
2025-06-25,2.0025586906975703,-0.28495897163095735,0.04885241913985768
2025-06-26,2.4872743365046364,-0.13875976326048098,0.009140794568032252
2025-06-27,2.249412521488168,-0.05178233593727127,0.06719417116016228
2025-06-30,2.1619179131456594,-0.03042551640395036,0.06731233190528825
2025-07-01,1.8629769625127217,0.02748115931662482,-0.04610765463784796
2025-07-02,1.7097836456670052,0.03493045840269604,-0.043857685927587785
2025-07-03,1.6499134076555282,0.11720170473397552,-0.026682881957451953
2025-07-04,1.669164759060469,0.17645377049559835,-0.06191498634317056
